alg,month,res,dd,sharp,day_ret,actions,total_commission
a2c,0,0.02215412215387702,-0.017458129634559998,3.09776351609773,"         date  daily_return
0  2023-06-01      0.000000
1  2023-06-02      0.001607
2  2023-06-05     -0.002689
3  2023-06-06      0.006640
4  2023-06-07     -0.002397
5  2023-06-08     -0.000357
6  2023-06-09      0.002155
7  2023-06-13      0.015504
8  2023-06-14     -0.001033
9  2023-06-15      0.004875
10 2023-06-16     -0.001886
11 2023-06-19      0.004348
12 2023-06-20     -0.004542
13 2023-06-21      0.001818
14 2023-06-22     -0.004496
15 2023-06-23     -0.010317
16 2023-06-26      0.003730
17 2023-06-27      0.008524
18 2023-06-28     -0.003491
19 2023-06-29      0.002815
20 2023-06-30      0.001407","         date                                            actions
0  2023-06-01                        [0, 0, 0, 0, 0, 0, 0, 0, 0]
1  2023-06-02  [0.15138689, 0.15138689, 0.15138689, 0.1513868...
2  2023-06-05  [0.15138468, 0.15138468, 0.15138468, 0.1513846...
3  2023-06-06  [0.15138645, 0.15138645, 0.15138645, 0.1513864...
4  2023-06-07  [0.15138589, 0.15138589, 0.15138589, 0.1513858...
5  2023-06-08  [0.15138583, 0.15138583, 0.15138583, 0.1513858...
6  2023-06-09  [0.15138541, 0.15138541, 0.15138541, 0.1513854...
7  2023-06-13  [0.15138532, 0.15138532, 0.15138532, 0.1513853...
8  2023-06-14  [0.15138291, 0.15138291, 0.15138291, 0.1513829...
9  2023-06-15  [0.15138271, 0.15138271, 0.15138271, 0.1513827...
10 2023-06-16  [0.15138143, 0.15138143, 0.15138143, 0.1513814...
11 2023-06-19  [0.15138121, 0.15138121, 0.15138121, 0.1513812...
12 2023-06-20  [0.15138032, 0.15138032, 0.15138032, 0.1513803...
13 2023-06-21  [0.15138102, 0.15138102, 0.15138102, 0.1513810...
14 2023-06-22  [0.1513809, 0.1513809, 0.1513809, 0.1513809, 0...
15 2023-06-23  [0.15138204, 0.15138204, 0.15138204, 0.1513820...
16 2023-06-26  [0.15138626, 0.15138626, 0.15138626, 0.1513862...
17 2023-06-27  [0.15138613, 0.15138613, 0.15138613, 0.1513861...
18 2023-06-28  [0.15138593, 0.15138593, 0.15138593, 0.1513859...
19 2023-06-29  [0.15138839, 0.15138839, 0.15138839, 0.1513883...
20 2023-06-30  [0.15138927, 0.15138927, 0.15138927, 0.1513892...",0
a2c,1,0.04606747360320562,-0.009065462292508625,9.850282662303087,"         date  daily_return
0  2023-07-03      0.000000
1  2023-07-04     -0.001739
2  2023-07-05      0.003198
3  2023-07-06      0.003875
4  2023-07-07      0.005064
5  2023-07-10      0.002829
6  2023-07-11      0.005905
7  2023-07-12      0.007575
8  2023-07-13     -0.002656
9  2023-07-14      0.004043
10 2023-07-17      0.004037
11 2023-07-18      0.003318
12 2023-07-19     -0.002530
13 2023-07-20     -0.006552
14 2023-07-21      0.005654
15 2023-07-24      0.000004
16 2023-07-25      0.002074
17 2023-07-26      0.000261
18 2023-07-27      0.003595
19 2023-07-28      0.001591
20 2023-07-31      0.005661","         date                                            actions
0  2023-07-03                        [0, 0, 0, 0, 0, 0, 0, 0, 0]
1  2023-07-04  [0.16666667, 0.0, 0.16666667, 0.16666667, 0.16...
2  2023-07-05  [0.16666667, 0.0, 0.16666667, 0.16666667, 0.16...
3  2023-07-06  [0.16666667, 0.0, 0.16666667, 0.16666667, 0.16...
4  2023-07-07  [0.16666667, 0.0, 0.16666667, 0.16666667, 0.16...
5  2023-07-10  [0.16666667, 0.0, 0.16666667, 0.16666667, 0.16...
6  2023-07-11  [0.16666667, 0.0, 0.16666667, 0.16666667, 0.16...
7  2023-07-12  [0.16666667, 0.0, 0.16666667, 0.16666667, 0.16...
8  2023-07-13  [0.16666667, 0.0, 0.16666667, 0.16666667, 0.16...
9  2023-07-14  [0.16666667, 0.0, 0.16666667, 0.16666667, 0.16...
10 2023-07-17  [0.16666667, 0.0, 0.16666667, 0.16666667, 0.16...
11 2023-07-18  [0.16666667, 0.0, 0.16666667, 0.16666667, 0.16...
12 2023-07-19  [0.16666667, 0.0, 0.16666667, 0.16666667, 0.16...
13 2023-07-20  [0.16666667, 0.0, 0.16666667, 0.16666667, 0.16...
14 2023-07-21  [0.16666667, 0.0, 0.16666667, 0.16666667, 0.16...
15 2023-07-24  [0.16666667, 0.0, 0.16666667, 0.16666667, 0.16...
16 2023-07-25  [0.16666667, 0.0, 0.16666667, 0.16666667, 0.16...
17 2023-07-26  [0.16666667, 0.0, 0.16666667, 0.16666667, 0.16...
18 2023-07-27  [0.16666667, 0.0, 0.16666667, 0.16666667, 0.16...
19 2023-07-28  [0.16666667, 0.0, 0.16666667, 0.16666667, 0.16...
20 2023-07-31  [0.16666667, 0.0, 0.16666667, 0.16666667, 0.16...",0
a2c,2,0.03457607593800005,-0.025740674780577903,3.1145516909590722,"         date  daily_return
0  2023-08-01      0.000000
1  2023-08-02      0.003765
2  2023-08-03      0.009492
3  2023-08-04     -0.009203
4  2023-08-07     -0.000365
5  2023-08-08      0.001522
6  2023-08-09      0.001585
7  2023-08-10      0.008665
8  2023-08-11      0.008789
9  2023-08-14     -0.015391
10 2023-08-15      0.000365
11 2023-08-16     -0.010873
12 2023-08-17      0.006366
13 2023-08-18      0.010227
14 2023-08-21      0.001141
15 2023-08-22      0.010102
16 2023-08-23     -0.015095
17 2023-08-24      0.010322
18 2023-08-25      0.000337
19 2023-08-28      0.006841
20 2023-08-29      0.004138
21 2023-08-30      0.001449
22 2023-08-31      0.000489","         date                                            actions
0  2023-08-01                        [0, 0, 0, 0, 0, 0, 0, 0, 0]
1  2023-08-02  [0.14844663, 0.14844663, 0.109320186, 0.0, 0.1...
2  2023-08-03  [0.14844674, 0.14844674, 0.109319545, 0.0, 0.1...
3  2023-08-04  [0.14844628, 0.14844628, 0.10932235, 0.0, 0.14...
4  2023-08-07  [0.14844728, 0.14844728, 0.1093164, 0.0, 0.148...
5  2023-08-08  [0.14844757, 0.14844757, 0.109314576, 0.0, 0.1...
6  2023-08-09  [0.14844769, 0.14844769, 0.10931385, 0.0, 0.14...
7  2023-08-10  [0.14844798, 0.14844798, 0.10931213, 0.0, 0.14...
8  2023-08-11  [0.14844756, 0.14844756, 0.10931467, 0.0, 0.14...
9  2023-08-14  [0.14844805, 0.14844805, 0.10931172, 0.0, 0.14...
10 2023-08-15  [0.14845046, 0.14845046, 0.10929719, 0.0, 0.14...
11 2023-08-16  [0.14845066, 0.14845066, 0.109296024, 0.0, 0.1...
12 2023-08-17  [0.14845341, 0.14845341, 0.10927953, 0.0, 0.14...
13 2023-08-18  [0.1484526, 0.1484526, 0.10928441, 0.0, 0.1484...
14 2023-08-21  [0.14845113, 0.14845113, 0.109293155, 0.0, 0.1...
15 2023-08-22  [0.14845246, 0.14845246, 0.10928521, 0.0, 0.14...
16 2023-08-23  [0.1484513, 0.1484513, 0.10929219, 0.0, 0.1484...
17 2023-08-24  [0.14845398, 0.14845398, 0.10927613, 0.0, 0.14...
18 2023-08-25  [0.14845257, 0.14845257, 0.10928462, 0.0, 0.14...
19 2023-08-28  [0.14845188, 0.14845188, 0.10928868, 0.0, 0.14...
20 2023-08-29  [0.14844999, 0.14844999, 0.10930002, 0.0, 0.14...
21 2023-08-30  [0.14845031, 0.14845031, 0.109298095, 0.0, 0.1...
22 2023-08-31  [0.14845061, 0.14845061, 0.10929629, 0.0, 0.14...",0
a2c,3,-0.011868483593506785,-0.049701990593643275,-1.189577775049533,"         date  daily_return
0  2023-09-01      0.000000
1  2023-09-04      0.005483
2  2023-09-05     -0.000427
3  2023-09-06     -0.003306
4  2023-09-07     -0.010129
5  2023-09-08     -0.007779
6  2023-09-11     -0.005483
7  2023-09-12      0.012952
8  2023-09-13     -0.007571
9  2023-09-14     -0.000394
10 2023-09-15      0.004548
11 2023-09-18     -0.005493
12 2023-09-19     -0.012305
13 2023-09-20     -0.002587
14 2023-09-21     -0.012606
15 2023-09-22      0.007778
16 2023-09-25      0.001054
17 2023-09-26      0.003473
18 2023-09-27      0.005667
19 2023-09-28      0.007178
20 2023-09-29      0.008535","         date                                            actions
0  2023-09-01                        [0, 0, 0, 0, 0, 0, 0, 0, 0]
1  2023-09-04  [0.15068056, 0.0, 0.15068056, 0.15068056, 0.0,...
2  2023-09-05  [0.15068057, 0.0, 0.15068057, 0.15068057, 0.0,...
3  2023-09-06  [0.15068056, 0.0, 0.15068056, 0.15068056, 0.0,...
4  2023-09-07  [0.15068051, 0.0, 0.15068051, 0.15068051, 0.0,...
5  2023-09-08  [0.15068083, 0.0, 0.15068083, 0.15068083, 0.0,...
6  2023-09-11  [0.15068097, 0.0, 0.15068097, 0.15068097, 0.0,...
7  2023-09-12  [0.15068114, 0.0, 0.15068114, 0.15068114, 0.0,...
8  2023-09-13  [0.15068106, 0.0, 0.15068106, 0.15068106, 0.0,...
9  2023-09-14  [0.15068105, 0.0, 0.15068105, 0.15068105, 0.0,...
10 2023-09-15  [0.15068078, 0.0, 0.15068078, 0.15068078, 0.0,...
11 2023-09-18  [0.1506807, 0.0, 0.1506807, 0.1506807, 0.0, 0....
12 2023-09-19  [0.15068074, 0.0, 0.15068074, 0.15068074, 0.0,...
13 2023-09-20  [0.15068111, 0.0, 0.15068111, 0.15068111, 0.0,...
14 2023-09-21  [0.15068105, 0.0, 0.15068105, 0.15068105, 0.0,...
15 2023-09-22  [0.15068129, 0.0, 0.15068129, 0.15068129, 0.0,...
16 2023-09-25  [0.15068118, 0.0, 0.15068118, 0.15068118, 0.0,...
17 2023-09-26  [0.15068096, 0.0, 0.15068096, 0.15068096, 0.0,...
18 2023-09-27  [0.1506811, 0.0, 0.1506811, 0.1506811, 0.0, 0....
19 2023-09-28  [0.1506809, 0.0, 0.1506809, 0.1506809, 0.0, 0....
20 2023-09-29  [0.15068084, 0.0, 0.15068084, 0.15068084, 0.0,...",0
a2c,4,0.014743559030000242,-0.017052036133110866,1.891857337299091,"         date  daily_return
0  2023-10-02      0.000000
1  2023-10-03      0.001006
2  2023-10-04     -0.003786
3  2023-10-05      0.004429
4  2023-10-06      0.003683
5  2023-10-09      0.002951
6  2023-10-10     -0.000523
7  2023-10-11     -0.010596
8  2023-10-12      0.009019
9  2023-10-13      0.006737
10 2023-10-16      0.008626
11 2023-10-17      0.002018
12 2023-10-18      0.003488
13 2023-10-19      0.000895
14 2023-10-20      0.000512
15 2023-10-23     -0.003614
16 2023-10-24      0.001985
17 2023-10-25      0.005222
18 2023-10-26     -0.010997
19 2023-10-27      0.006646
20 2023-10-30     -0.003382
21 2023-10-31     -0.009333","         date                                            actions
0  2023-10-02                        [0, 0, 0, 0, 0, 0, 0, 0, 0]
1  2023-10-03  [0.1549456, 0.1549456, 0.1549456, 0.0, 0.15494...
2  2023-10-04  [0.15494488, 0.15494488, 0.15494488, 0.0, 0.15...
3  2023-10-05  [0.15494502, 0.15494502, 0.15494502, 0.0, 0.15...
4  2023-10-06  [0.1549447, 0.1549447, 0.1549447, 0.0, 0.15494...
5  2023-10-09  [0.15494432, 0.15494432, 0.15494432, 0.0, 0.15...
6  2023-10-10  [0.15494417, 0.15494417, 0.15494417, 0.0, 0.15...
7  2023-10-11  [0.15494421, 0.15494421, 0.15494421, 0.0, 0.15...
8  2023-10-12  [0.15494487, 0.15494487, 0.15494487, 0.0, 0.15...
9  2023-10-13  [0.15494421, 0.15494421, 0.15494421, 0.0, 0.15...
10 2023-10-16  [0.15494406, 0.15494406, 0.15494406, 0.0, 0.15...
11 2023-10-17  [0.15494351, 0.15494351, 0.15494351, 0.0, 0.15...
12 2023-10-18  [0.15494333, 0.15494333, 0.15494333, 0.0, 0.15...
13 2023-10-19  [0.15494347, 0.15494347, 0.15494347, 0.0, 0.15...
14 2023-10-20  [0.15494297, 0.15494297, 0.15494297, 0.0, 0.15...
15 2023-10-23  [0.15494275, 0.15494275, 0.15494275, 0.0, 0.15...
16 2023-10-24  [0.15494259, 0.15494259, 0.15494259, 0.0, 0.15...
17 2023-10-25  [0.15494253, 0.15494253, 0.15494253, 0.0, 0.15...
18 2023-10-26  [0.15494224, 0.15494224, 0.15494224, 0.0, 0.15...
19 2023-10-27  [0.15494293, 0.15494293, 0.15494293, 0.0, 0.15...
20 2023-10-30  [0.1549427, 0.1549427, 0.1549427, 0.0, 0.15494...
21 2023-10-31  [0.1549428, 0.1549428, 0.1549428, 0.0, 0.15494...",0
a2c,5,-0.02218658485332925,-0.022186584853329236,-4.37876684127245,"         date  daily_return
0  2023-11-01      0.000000
1  2023-11-02     -0.005081
2  2023-11-03     -0.002270
3  2023-11-06      0.006876
4  2023-11-07     -0.002140
5  2023-11-08      0.000559
6  2023-11-09     -0.000445
7  2023-11-10     -0.000025
8  2023-11-13      0.000698
9  2023-11-14     -0.008289
10 2023-11-15      0.001228
11 2023-11-16     -0.008881
12 2023-11-17      0.005232
13 2023-11-20     -0.000571
14 2023-11-21      0.001835
15 2023-11-22      0.000531
16 2023-11-23     -0.003938
17 2023-11-24     -0.000852
18 2023-11-27     -0.003610
19 2023-11-28      0.001067
20 2023-11-29     -0.003153
21 2023-11-30     -0.001055","         date                                            actions
0  2023-11-01                        [0, 0, 0, 0, 0, 0, 0, 0, 0]
1  2023-11-02  [0.14285715, 0.14285715, 0.14285715, 0.1428571...
2  2023-11-03  [0.14285715, 0.14285715, 0.14285715, 0.1428571...
3  2023-11-06  [0.14285715, 0.14285715, 0.14285715, 0.1428571...
4  2023-11-07  [0.14285715, 0.14285715, 0.14285715, 0.1428571...
5  2023-11-08  [0.14285715, 0.14285715, 0.14285715, 0.1428571...
6  2023-11-09  [0.14285715, 0.14285715, 0.14285715, 0.1428571...
7  2023-11-10  [0.14285715, 0.14285715, 0.14285715, 0.1428571...
8  2023-11-13  [0.14285715, 0.14285715, 0.14285715, 0.1428571...
9  2023-11-14  [0.14285715, 0.14285715, 0.14285715, 0.1428571...
10 2023-11-15  [0.14285715, 0.14285715, 0.14285715, 0.1428571...
11 2023-11-16  [0.14285715, 0.14285715, 0.14285715, 0.1428571...
12 2023-11-17  [0.14285715, 0.14285715, 0.14285715, 0.1428571...
13 2023-11-20  [0.14285715, 0.14285715, 0.14285715, 0.1428571...
14 2023-11-21  [0.14285715, 0.14285715, 0.14285715, 0.1428571...
15 2023-11-22  [0.14285715, 0.14285715, 0.14285715, 0.1428571...
16 2023-11-23  [0.14285715, 0.14285715, 0.14285715, 0.1428571...
17 2023-11-24  [0.14285715, 0.14285715, 0.14285715, 0.1428571...
18 2023-11-27  [0.14285715, 0.14285715, 0.14285715, 0.1428571...
19 2023-11-28  [0.14285715, 0.14285715, 0.14285715, 0.1428571...
20 2023-11-29  [0.14285715, 0.14285715, 0.14285715, 0.1428571...
21 2023-11-30  [0.14285715, 0.14285715, 0.14285715, 0.1428571...",0
a2c,6,0.022752639629999738,-0.02686838304044671,2.142536384176256,"         date  daily_return
0  2023-12-01      0.000000
1  2023-12-04     -0.005453
2  2023-12-05      0.009183
3  2023-12-06     -0.009058
4  2023-12-07     -0.000478
5  2023-12-08      0.003025
6  2023-12-11     -0.009728
7  2023-12-12     -0.000358
8  2023-12-13      0.004068
9  2023-12-14     -0.014498
10 2023-12-15      0.004320
11 2023-12-18      0.016853
12 2023-12-19      0.004141
13 2023-12-20      0.000273
14 2023-12-21     -0.003896
15 2023-12-22      0.003427
16 2023-12-25     -0.000401
17 2023-12-26      0.022097
18 2023-12-27     -0.000152
19 2023-12-28     -0.000545
20 2023-12-29      0.000356","         date                                            actions
0  2023-12-01                        [0, 0, 0, 0, 0, 0, 0, 0, 0]
1  2023-12-04  [0.23088284, 0.23088284, 0.0, 0.0, 0.23088284,...
2  2023-12-05  [0.23088388, 0.23088388, 0.0, 0.0, 0.23088388,...
3  2023-12-06  [0.23088124, 0.23088124, 0.0, 0.0, 0.23088124,...
4  2023-12-07  [0.23088312, 0.23088312, 0.0, 0.0, 0.23088312,...
5  2023-12-08  [0.23088272, 0.23088272, 0.0, 0.0, 0.23088272,...
6  2023-12-11  [0.23088259, 0.23088259, 0.0, 0.0, 0.23088259,...
7  2023-12-12  [0.2308846, 0.2308846, 0.0, 0.0, 0.2308846, 0....
8  2023-12-13  [0.23088413, 0.23088413, 0.0, 0.0, 0.23088413,...
9  2023-12-14  [0.23088413, 0.23088413, 0.0, 0.0, 0.23088413,...
10 2023-12-15  [0.23088565, 0.23088565, 0.0, 0.0, 0.23088565,...
11 2023-12-18  [0.23088312, 0.23088312, 0.0, 0.0, 0.23088312,...
12 2023-12-19  [0.23088104, 0.23088104, 0.0, 0.0, 0.23088104,...
13 2023-12-20  [0.23088017, 0.23088017, 0.0, 0.0, 0.23088017,...
14 2023-12-21  [0.23088017, 0.23088017, 0.0, 0.0, 0.23088017,...
15 2023-12-22  [0.23088056, 0.23088056, 0.0, 0.0, 0.23088056,...
16 2023-12-25  [0.23087908, 0.23087908, 0.0, 0.0, 0.23087908,...
17 2023-12-26  [0.23087847, 0.23087847, 0.0, 0.0, 0.23087847,...
18 2023-12-27  [0.23087727, 0.23087727, 0.0, 0.0, 0.23087727,...
19 2023-12-28  [0.2308775, 0.2308775, 0.0, 0.0, 0.2308775, 0....
20 2023-12-29  [0.23087762, 0.23087762, 0.0, 0.0, 0.23087762,...",0
a2c,7,0.01364819932726058,-0.010545212482835582,3.8734165269397196,"         date  daily_return
0  2024-01-03      0.000000
1  2024-01-04     -0.000737
2  2024-01-05      0.000813
3  2024-01-08      0.006441
4  2024-01-09     -0.000346
5  2024-01-10      0.002831
6  2024-01-11      0.004311
7  2024-01-12      0.005154
8  2024-01-15     -0.001174
9  2024-01-16     -0.002240
10 2024-01-17     -0.000972
11 2024-01-18     -0.004436
12 2024-01-19     -0.001638
13 2024-01-22      0.003200
14 2024-01-23     -0.000534
15 2024-01-24     -0.000651
16 2024-01-25     -0.000889
17 2024-01-26     -0.001245
18 2024-01-29      0.002430
19 2024-01-30      0.001761
20 2024-01-31      0.001552","         date                                            actions
0  2024-01-03                        [0, 0, 0, 0, 0, 0, 0, 0, 0]
1  2024-01-04  [0.125, 0.0, 0.125, 0.125, 0.125, 0.125, 0.125...
2  2024-01-05  [0.125, 0.0, 0.125, 0.125, 0.125, 0.125, 0.125...
3  2024-01-08  [0.125, 0.0, 0.125, 0.125, 0.125, 0.125, 0.125...
4  2024-01-09  [0.125, 0.0, 0.125, 0.125, 0.125, 0.125, 0.125...
5  2024-01-10  [0.125, 0.0, 0.125, 0.125, 0.125, 0.125, 0.125...
6  2024-01-11  [0.125, 0.0, 0.125, 0.125, 0.125, 0.125, 0.125...
7  2024-01-12  [0.125, 0.0, 0.125, 0.125, 0.125, 0.125, 0.125...
8  2024-01-15  [0.125, 0.0, 0.125, 0.125, 0.125, 0.125, 0.125...
9  2024-01-16  [0.125, 0.0, 0.125, 0.125, 0.125, 0.125, 0.125...
10 2024-01-17  [0.125, 0.0, 0.125, 0.125, 0.125, 0.125, 0.125...
11 2024-01-18  [0.125, 0.0, 0.125, 0.125, 0.125, 0.125, 0.125...
12 2024-01-19  [0.125, 0.0, 0.125, 0.125, 0.125, 0.125, 0.125...
13 2024-01-22  [0.125, 0.0, 0.125, 0.125, 0.125, 0.125, 0.125...
14 2024-01-23  [0.125, 0.0, 0.125, 0.125, 0.125, 0.125, 0.125...
15 2024-01-24  [0.125, 0.0, 0.125, 0.125, 0.125, 0.125, 0.125...
16 2024-01-25  [0.125, 0.0, 0.125, 0.125, 0.125, 0.125, 0.125...
17 2024-01-26  [0.125, 0.0, 0.125, 0.125, 0.125, 0.125, 0.125...
18 2024-01-29  [0.125, 0.0, 0.125, 0.125, 0.125, 0.125, 0.125...
19 2024-01-30  [0.125, 0.0, 0.125, 0.125, 0.125, 0.125, 0.125...
20 2024-01-31  [0.125, 0.0, 0.125, 0.125, 0.125, 0.125, 0.125...",0
a2c,8,-0.008500605511520543,-0.027062538664680804,-1.831631971498233,"         date  daily_return
0  2024-02-01      0.000000
1  2024-02-02     -0.000785
2  2024-02-05      0.005637
3  2024-02-06     -0.003144
4  2024-02-07     -0.000957
5  2024-02-08     -0.006824
6  2024-02-09      0.000445
7  2024-02-12     -0.002617
8  2024-02-13      0.002895
9  2024-02-14     -0.002036
10 2024-02-15     -0.000535
11 2024-02-16     -0.003279
12 2024-02-19     -0.003018
13 2024-02-20     -0.005131
14 2024-02-21     -0.003167
15 2024-02-22      0.000261
16 2024-02-26      0.005893
17 2024-02-27      0.002021
18 2024-02-28     -0.001128
19 2024-02-29      0.007061","         date                                            actions
0  2024-02-01                        [0, 0, 0, 0, 0, 0, 0, 0, 0]
1  2024-02-02  [0.16666667, 0.16666667, 0.16666667, 0.1666666...
2  2024-02-05  [0.16666667, 0.16666667, 0.16666667, 0.1666666...
3  2024-02-06  [0.16666667, 0.16666667, 0.16666667, 0.1666666...
4  2024-02-07  [0.16666667, 0.16666667, 0.16666667, 0.1666666...
5  2024-02-08  [0.16666667, 0.16666667, 0.16666667, 0.1666666...
6  2024-02-09  [0.16666667, 0.16666667, 0.16666667, 0.1666666...
7  2024-02-12  [0.16666667, 0.16666667, 0.16666667, 0.1666666...
8  2024-02-13  [0.16666667, 0.16666667, 0.16666667, 0.1666666...
9  2024-02-14  [0.16666667, 0.16666667, 0.16666667, 0.1666666...
10 2024-02-15  [0.16666667, 0.16666667, 0.16666667, 0.1666666...
11 2024-02-16  [0.16666667, 0.16666667, 0.16666667, 0.1666666...
12 2024-02-19  [0.16666667, 0.16666667, 0.16666667, 0.1666666...
13 2024-02-20  [0.16666667, 0.16666667, 0.16666667, 0.1666666...
14 2024-02-21  [0.16666667, 0.16666667, 0.16666667, 0.1666666...
15 2024-02-22  [0.16666667, 0.16666667, 0.16666667, 0.1666666...
16 2024-02-26  [0.16666667, 0.16666667, 0.16666667, 0.1666666...
17 2024-02-27  [0.16666667, 0.16666667, 0.16666667, 0.1666666...
18 2024-02-28  [0.16666667, 0.16666667, 0.16666667, 0.1666666...
19 2024-02-29  [0.16666667, 0.16666667, 0.16666667, 0.1666666...",0
ppo,0,0.02799464932317819,-0.012071681727004653,5.165933783747196,"         date  daily_return
0  2023-06-01      0.000000
1  2023-06-02      0.004780
2  2023-06-05     -0.004883
3  2023-06-06      0.003765
4  2023-06-07     -0.000717
5  2023-06-08      0.000720
6  2023-06-09      0.001734
7  2023-06-13      0.010167
8  2023-06-14     -0.000654
9  2023-06-15      0.006001
10 2023-06-16     -0.000556
11 2023-06-19      0.004225
12 2023-06-20     -0.001165
13 2023-06-21     -0.000060
14 2023-06-22     -0.002813
15 2023-06-23     -0.008069
16 2023-06-26      0.004395
17 2023-06-27      0.005907
18 2023-06-28      0.001694
19 2023-06-29      0.003631
20 2023-06-30     -0.000306","         date                                            actions
0  2023-06-01                        [0, 0, 0, 0, 0, 0, 0, 0, 0]
1  2023-06-02  [0.48446155, 0.0, 0.061249085, 0.0, 0.08212487...
2  2023-06-05  [0.4792104, 0.0, 0.07604862, 0.0, 0.06648282, ...
3  2023-06-06  [0.4938939, 0.0, 0.07565461, 0.0, 0.06485758, ...
4  2023-06-07  [0.47924545, 0.0066378815, 0.0641768, 0.0, 0.0...
5  2023-06-08  [0.48751196, 0.0015247664, 0.056646813, 0.0, 0...
6  2023-06-09  [0.47763574, 0.00018747903, 0.043659538, 0.001...
7  2023-06-13  [0.44207215, 0.0572446, 0.058298476, 0.0226779...
8  2023-06-14  [0.43071973, 0.07139735, 0.05691863, 0.0245318...
9  2023-06-15  [0.4344703, 0.068212375, 0.052749638, 0.029797...
10 2023-06-16  [0.43186897, 0.075719796, 0.05258202, 0.029536...
11 2023-06-19  [0.43625322, 0.10466333, 0.05923662, 0.039511,...
12 2023-06-20  [0.4384668, 0.12329609, 0.056602605, 0.0476714...
13 2023-06-21  [0.49466866, 0.10641317, 0.052740782, 0.026766...
14 2023-06-22  [0.48508766, 0.12181499, 0.058592953, 0.032749...
15 2023-06-23  [0.51070344, 0.11657436, 0.063914545, 0.023005...
16 2023-06-26  [0.46210626, 0.10275518, 0.047498956, 0.049477...
17 2023-06-27  [0.44842213, 0.10266413, 0.04389591, 0.0472028...
18 2023-06-28  [0.4354998, 0.103111304, 0.049706217, 0.040231...
19 2023-06-29  [0.32274112, 0.0, 0.0, 0.06857696, 0.0, 0.0805...
20 2023-06-30  [0.34474605, 0.0, 0.0, 0.06578703, 0.0, 0.0341...",0
ppo,1,0.044811959794383904,-0.012219421922510623,7.0657385365993575,"         date  daily_return
0  2023-07-03      0.000000
1  2023-07-04     -0.004301
2  2023-07-05      0.000611
3  2023-07-06      0.001374
4  2023-07-07      0.003887
5  2023-07-10     -0.000186
6  2023-07-11      0.010977
7  2023-07-12      0.007334
8  2023-07-13     -0.000194
9  2023-07-14      0.002355
10 2023-07-17      0.002049
11 2023-07-18      0.002099
12 2023-07-19     -0.004122
13 2023-07-20     -0.008131
14 2023-07-21      0.006567
15 2023-07-24      0.000093
16 2023-07-25      0.005580
17 2023-07-26     -0.001963
18 2023-07-27      0.005999
19 2023-07-28      0.004101
20 2023-07-31      0.009976","         date                                            actions
0  2023-07-03                        [0, 0, 0, 0, 0, 0, 0, 0, 0]
1  2023-07-04  [0.35322896, 0.0, 0.0953572, 0.13142647, 0.0, ...
2  2023-07-05  [0.36617815, 0.0, 0.08289364, 0.14166556, 0.0,...
3  2023-07-06  [0.34852338, 0.0, 0.09196259, 0.13372749, 0.0,...
4  2023-07-07  [0.33558142, 0.0, 0.1120319, 0.113722414, 0.0,...
5  2023-07-10  [0.32298267, 0.0, 0.12601596, 0.100433625, 0.0...
6  2023-07-11  [0.3164931, 0.0, 0.12888706, 0.085729524, 0.0,...
7  2023-07-12  [0.30567998, 0.0, 0.1478604, 0.09308506, 0.0, ...
8  2023-07-13  [0.29105082, 0.0, 0.16171245, 0.09715191, 0.0,...
9  2023-07-14  [0.29042572, 0.0, 0.15675992, 0.09446815, 0.0,...
10 2023-07-17  [0.290725, 0.0, 0.15961325, 0.090342805, 0.0, ...
11 2023-07-18  [0.27641284, 0.0, 0.16875155, 0.09326035, 0.0,...
12 2023-07-19  [0.26421803, 0.0, 0.17460851, 0.09138973, 0.0,...
13 2023-07-20  [0.26283076, 0.0, 0.16869307, 0.09485788, 0.0,...
14 2023-07-21  [0.3077721, 0.0, 0.12457195, 0.105567664, 0.0,...
15 2023-07-24  [0.29897565, 0.0, 0.13986701, 0.09591277, 0.0,...
16 2023-07-25  [0.29812902, 0.0, 0.13766642, 0.099048704, 0.0...
17 2023-07-26  [0.29609582, 0.0, 0.14507276, 0.09767849, 0.0,...
18 2023-07-27  [0.29776207, 0.0, 0.1405998, 0.08788894, 0.0, ...
19 2023-07-28  [0.28409153, 0.0, 0.14848648, 0.0880507, 0.0, ...
20 2023-07-31  [0.28275567, 0.0, 0.15067653, 0.091413416, 0.0...",0
ppo,2,0.006151287347397449,-0.014712730700808535,1.1258944403533846,"         date  daily_return
0  2023-08-01      0.000000
1  2023-08-02      0.000727
2  2023-08-03      0.002554
3  2023-08-04     -0.006420
4  2023-08-07     -0.002679
5  2023-08-08      0.001000
6  2023-08-09      0.000639
7  2023-08-10      0.004514
8  2023-08-11      0.006644
9  2023-08-14     -0.007363
10 2023-08-15     -0.001312
11 2023-08-16     -0.006101
12 2023-08-17      0.001443
13 2023-08-18      0.003778
14 2023-08-21      0.000226
15 2023-08-22      0.003111
16 2023-08-23     -0.006163
17 2023-08-24      0.005023
18 2023-08-25     -0.000496
19 2023-08-28      0.003557
20 2023-08-29      0.003546
21 2023-08-30      0.000423
22 2023-08-31     -0.000352","         date                                            actions
0  2023-08-01                        [0, 0, 0, 0, 0, 0, 0, 0, 0]
1  2023-08-02  [0.48975572, 0.0, 0.0, 0.07008758, 0.0, 0.0, 0...
2  2023-08-03  [0.53734434, 0.0, 0.0, 0.08725639, 0.0, 0.0, 0...
3  2023-08-04  [0.5266463, 0.0, 0.0, 0.09143207, 0.0, 0.0, 0....
4  2023-08-07  [0.55846953, 0.0, 0.0, 0.10766051, 0.0, 0.0, 0...
5  2023-08-08  [0.56763774, 0.0, 0.0, 0.11674393, 0.0, 0.0, 0...
6  2023-08-09  [0.5714603, 0.0, 0.0, 0.14014702, 0.0, 0.0, 0....
7  2023-08-10  [0.57614756, 0.0, 0.0, 0.12981343, 0.0, 0.0, 0...
8  2023-08-11  [0.55920196, 0.0, 0.0, 0.13724476, 0.0, 0.0, 0...
9  2023-08-14  [0.56936586, 0.0, 0.0, 0.15855768, 0.0, 0.0, 0...
10 2023-08-15  [0.5076768, 0.0, 0.0, 0.18011633, 0.0, 0.08074...
11 2023-08-16  [0.5060101, 0.0, 0.0, 0.18300848, 0.0, 0.08390...
12 2023-08-17  [0.48006892, 0.0, 0.0, 0.20075053, 0.0, 0.1380...
13 2023-08-18  [0.48666137, 0.0, 0.0, 0.19441852, 0.0, 0.1291...
14 2023-08-21  [0.46417883, 0.0, 0.0, 0.20760442, 0.0, 0.1069...
15 2023-08-22  [0.3828439, 0.0, 0.0, 0.23906568, 0.0, 0.14066...
16 2023-08-23  [0.41891167, 0.0, 0.0, 0.22177209, 0.0, 0.1213...
17 2023-08-24  [0.39296097, 0.0, 0.0, 0.22847447, 0.0, 0.1538...
18 2023-08-25  [0.42549476, 0.0, 0.0, 0.21569161, 0.0, 0.1173...
19 2023-08-28  [0.41551614, 0.0, 0.0, 0.21922368, 0.0, 0.1117...
20 2023-08-29  [0.36712173, 0.0, 0.0, 0.2216499, 0.0, 0.09224...
21 2023-08-30  [0.4528697, 0.0, 0.0, 0.19489633, 0.0, 0.08663...
22 2023-08-31  [0.46701187, 0.0, 0.0, 0.17741409, 0.0, 0.0774...",0
ppo,3,-0.011057545441027772,-0.04359311102977686,-1.3732555008966412,"         date  daily_return
0  2023-09-01      0.000000
1  2023-09-04      0.005481
2  2023-09-05      0.002569
3  2023-09-06     -0.001841
4  2023-09-07     -0.011886
5  2023-09-08     -0.005194
6  2023-09-11     -0.006230
7  2023-09-12      0.009340
8  2023-09-13     -0.007441
9  2023-09-14     -0.001955
10 2023-09-15      0.003077
11 2023-09-18     -0.004315
12 2023-09-19     -0.010134
13 2023-09-20     -0.002329
14 2023-09-21     -0.005402
15 2023-09-22      0.002309
16 2023-09-25      0.001207
17 2023-09-26      0.001575
18 2023-09-27      0.006074
19 2023-09-28      0.007172
20 2023-09-29      0.007160","         date                                            actions
0  2023-09-01                        [0, 0, 0, 0, 0, 0, 0, 0, 0]
1  2023-09-04  [0.0, 0.25692356, 0.0, 0.1980124, 0.29363075, ...
2  2023-09-05  [0.0, 0.27169278, 0.0, 0.196731, 0.27174073, 0...
3  2023-09-06  [0.0, 0.2679253, 0.0, 0.20357642, 0.2807734, 0...
4  2023-09-07  [0.0, 0.24563631, 0.0, 0.21105428, 0.2988877, ...
5  2023-09-08  [0.022528145, 0.19531836, 0.0, 0.23925945, 0.3...
6  2023-09-11  [0.013394574, 0.1657993, 0.0, 0.25397006, 0.38...
7  2023-09-12  [0.0049989573, 0.13425435, 0.0, 0.2716874, 0.4...
8  2023-09-13  [0.0, 0.17791504, 0.0, 0.24346566, 0.37142918,...
9  2023-09-14  [0.0, 0.15172137, 0.0, 0.2582669, 0.39695323, ...
10 2023-09-15  [0.0, 0.13930768, 0.0, 0.24787384, 0.40576255,...
11 2023-09-18  [0.0, 0.15458481, 0.0, 0.23915036, 0.38401416,...
12 2023-09-19  [0.0, 0.13277109, 0.0, 0.24813254, 0.40442684,...
13 2023-09-20  [0.0, 0.083392024, 0.0, 0.27917695, 0.45556247...
14 2023-09-21  [0.0, 0.07308265, 0.0, 0.27139547, 0.4541515, ...
15 2023-09-22  [0.0, 0.029056242, 0.0, 0.28399026, 0.48216128...
16 2023-09-25  [0.0, 0.076097205, 0.0, 0.26123133, 0.4459351,...
17 2023-09-26  [0.0, 0.08330466, 0.0, 0.25771698, 0.44154721,...
18 2023-09-27  [0.0, 0.09252603, 0.0, 0.23827809, 0.41112602,...
19 2023-09-28  [0.0, 0.12465257, 0.0, 0.22183041, 0.3705418, ...
20 2023-09-29  [0.0, 0.15767735, 0.0, 0.21544175, 0.33306676,...",0
ppo,4,0.0010683365750276952,-0.017208365517791206,0.17511530309686482,"         date  daily_return
0  2023-10-02      0.000000
1  2023-10-03      0.006201
2  2023-10-04     -0.005726
3  2023-10-05      0.008615
4  2023-10-06      0.002135
5  2023-10-09      0.005669
6  2023-10-10     -0.001589
7  2023-10-11     -0.015030
8  2023-10-12      0.005237
9  2023-10-13      0.003864
10 2023-10-16      0.006813
11 2023-10-17      0.001276
12 2023-10-18      0.001214
13 2023-10-19     -0.001341
14 2023-10-20     -0.004421
15 2023-10-23     -0.006353
16 2023-10-24      0.001724
17 2023-10-25      0.006550
18 2023-10-26     -0.007796
19 2023-10-27      0.001595
20 2023-10-30      0.000705
21 2023-10-31     -0.007903","         date                                            actions
0  2023-10-02                        [0, 0, 0, 0, 0, 0, 0, 0, 0]
1  2023-10-03  [0.0, 0.009776493, 0.0, 0.22989401, 0.06294113...
2  2023-10-04  [0.0029171056, 0.0, 0.0, 0.248922, 0.06775529,...
3  2023-10-05  [0.012062669, 0.0, 0.0, 0.2416133, 0.06726368,...
4  2023-10-06  [0.0018807024, 0.0, 0.0, 0.26658773, 0.0613990...
5  2023-10-09  [0.0, 0.0, 0.0, 0.28209043, 0.045690756, 0.356...
6  2023-10-10  [0.0, 0.0, 0.0, 0.2840377, 0.028408935, 0.3765...
7  2023-10-11  [0.0, 0.0, 0.0, 0.27704352, 0.034197293, 0.380...
8  2023-10-12  [0.014010686, 0.0, 0.0, 0.2628931, 0.058031812...
9  2023-10-13  [0.0, 0.0, 0.0, 0.27156827, 0.042454794, 0.371...
10 2023-10-16  [0.0, 0.0, 0.0, 0.28729853, 0.03705591, 0.3662...
11 2023-10-17  [0.0, 0.0, 0.0, 0.28065595, 0.026117474, 0.378...
12 2023-10-18  [0.0, 0.0, 0.0, 0.2764918, 0.02512995, 0.38467...
13 2023-10-19  [0.0, 0.0, 0.0, 0.29527202, 0.027457247, 0.376...
14 2023-10-20  [0.0, 0.0, 0.0121802585, 0.29031178, 0.0218566...
15 2023-10-23  [0.0, 0.0, 0.02741202, 0.28474674, 0.016938135...
16 2023-10-24  [0.0, 0.0, 0.04609629, 0.2615892, 0.037075765,...
17 2023-10-25  [0.0, 0.0, 0.061932802, 0.23591565, 0.05483354...
18 2023-10-26  [0.0, 0.0, 0.05571427, 0.23096867, 0.05077021,...
19 2023-10-27  [0.0, 0.020254947, 0.07688208, 0.18234189, 0.0...
20 2023-10-30  [0.0, 0.02379451, 0.07323666, 0.20150217, 0.08...
21 2023-10-31  [0.0, 0.042290084, 0.07153107, 0.19404817, 0.0...",0
ppo,5,-0.010185585051013524,-0.014105093497027195,-2.4599092533402827,"         date  daily_return
0  2023-11-01      0.000000
1  2023-11-02     -0.001361
2  2023-11-03     -0.000378
3  2023-11-06      0.003044
4  2023-11-07     -0.000927
5  2023-11-08     -0.001219
6  2023-11-09     -0.000469
7  2023-11-10      0.003603
8  2023-11-13      0.001689
9  2023-11-14     -0.005567
10 2023-11-15     -0.000560
11 2023-11-16     -0.006943
12 2023-11-17      0.005039
13 2023-11-20     -0.000776
14 2023-11-21      0.001448
15 2023-11-22      0.001970
16 2023-11-23     -0.001856
17 2023-11-24     -0.002528
18 2023-11-27     -0.001936
19 2023-11-28      0.002648
20 2023-11-29      0.000295
21 2023-11-30     -0.005359","         date                                            actions
0  2023-11-01                        [0, 0, 0, 0, 0, 0, 0, 0, 0]
1  2023-11-02  [0.27630273, 0.10294942, 0.28436968, 0.0230213...
2  2023-11-03  [0.26000956, 0.111827604, 0.2964074, 0.0244499...
3  2023-11-06  [0.25629136, 0.10479882, 0.298797, 0.009247496...
4  2023-11-07  [0.29105353, 0.115026444, 0.27955368, 0.0, 0.1...
5  2023-11-08  [0.28429005, 0.120811075, 0.2828702, 0.0, 0.14...
6  2023-11-09  [0.31826285, 0.08466865, 0.25913295, 0.0008177...
7  2023-11-10  [0.32134455, 0.054151256, 0.24896744, 0.019638...
8  2023-11-13  [0.3414982, 0.044812635, 0.24906337, 0.0133959...
9  2023-11-14  [0.3378524, 0.051750887, 0.25241613, 0.0121104...
10 2023-11-15  [0.33739963, 0.0, 0.2381505, 0.03991215, 0.111...
11 2023-11-16  [0.33853328, 0.0, 0.22231142, 0.03999747, 0.08...
12 2023-11-17  [0.30826947, 0.0, 0.209927, 0.05704445, 0.0682...
13 2023-11-20  [0.3408693, 0.0, 0.19866686, 0.056550853, 0.08...
14 2023-11-21  [0.3312404, 0.0, 0.2054051, 0.05717248, 0.0757...
15 2023-11-22  [0.3347488, 0.0, 0.21707994, 0.041965567, 0.07...
16 2023-11-23  [0.35573545, 0.0, 0.21192232, 0.0, 0.075139485...
17 2023-11-24  [0.34774783, 0.0, 0.21949573, 0.0, 0.070844024...
18 2023-11-27  [0.36483237, 0.0, 0.20831925, 0.0, 0.085666515...
19 2023-11-28  [0.34835544, 0.0, 0.21008907, 0.009268051, 0.0...
20 2023-11-29  [0.3457756, 0.0, 0.20306823, 0.02348168, 0.116...
21 2023-11-30  [0.34295553, 0.0, 0.17538075, 0.028216038, 0.1...",0
ppo,6,0.02986616231279471,-0.024058690587539688,2.5071884506216233,"         date  daily_return
0  2023-12-01      0.000000
1  2023-12-04     -0.002302
2  2023-12-05      0.009679
3  2023-12-06     -0.010971
4  2023-12-07     -0.003098
5  2023-12-08      0.007614
6  2023-12-11     -0.011171
7  2023-12-12      0.003766
8  2023-12-13      0.003764
9  2023-12-14     -0.013986
10 2023-12-15      0.009957
11 2023-12-18      0.008429
12 2023-12-19      0.006298
13 2023-12-20      0.001795
14 2023-12-21     -0.005376
15 2023-12-22      0.005282
16 2023-12-25     -0.002941
17 2023-12-26      0.027495
18 2023-12-27     -0.006141
19 2023-12-28      0.001388
20 2023-12-29      0.000799","         date                                            actions
0  2023-12-01                        [0, 0, 0, 0, 0, 0, 0, 0, 0]
1  2023-12-04  [0.33452666, 0.06156326, 0.35962942, 0.0, 0.0,...
2  2023-12-05  [0.32899272, 0.048138, 0.36310154, 0.0, 0.0, 0...
3  2023-12-06  [0.31147283, 0.058062293, 0.38178527, 0.0, 0.0...
4  2023-12-07  [0.3045805, 0.05577032, 0.37084943, 0.0, 0.0, ...
5  2023-12-08  [0.3015136, 0.042044077, 0.38572615, 0.0, 0.0,...
6  2023-12-11  [0.29163325, 0.049983524, 0.38663197, 0.0, 0.0...
7  2023-12-12  [0.28154045, 0.045893855, 0.3841171, 0.0, 0.0,...
8  2023-12-13  [0.28347176, 0.04407673, 0.38778102, 0.0, 0.0,...
9  2023-12-14  [0.29606923, 0.025566969, 0.39806417, 0.0, 0.0...
10 2023-12-15  [0.29514787, 0.010024187, 0.4003794, 0.0, 0.0,...
11 2023-12-18  [0.29793182, 0.020787662, 0.3966046, 0.0, 0.0,...
12 2023-12-19  [0.31088892, 0.045464877, 0.39987263, 0.0, 0.0...
13 2023-12-20  [0.30414072, 0.047273625, 0.4081693, 0.0, 0.0,...
14 2023-12-21  [0.3087799, 0.057066973, 0.40103444, 0.0, 0.0,...
15 2023-12-22  [0.29918933, 0.067865014, 0.3982392, 0.0, 0.0,...
16 2023-12-25  [0.29335216, 0.07383993, 0.40180284, 0.0, 0.0,...
17 2023-12-26  [0.29753527, 0.076062776, 0.41347465, 0.0, 0.0...
18 2023-12-27  [0.3150359, 0.08812877, 0.42453936, 0.00057760...
19 2023-12-28  [0.31544343, 0.09306429, 0.41356125, 0.0015328...
20 2023-12-29  [0.30490172, 0.094072185, 0.4073277, 0.0126071...",0
ppo,7,0.0015454872700000344,-0.014243341111763196,0.3655940921967271,"         date  daily_return
0  2024-01-03      0.000000
1  2024-01-04     -0.002177
2  2024-01-05     -0.001336
3  2024-01-08      0.007797
4  2024-01-09     -0.003338
5  2024-01-10     -0.001685
6  2024-01-11      0.002736
7  2024-01-12     -0.000012
8  2024-01-15     -0.000157
9  2024-01-16     -0.000042
10 2024-01-17      0.005230
11 2024-01-18     -0.002515
12 2024-01-19     -0.005879
13 2024-01-22      0.000187
14 2024-01-23      0.002595
15 2024-01-24     -0.005684
16 2024-01-25     -0.002576
17 2024-01-26     -0.000431
18 2024-01-29      0.003745
19 2024-01-30      0.004323
20 2024-01-31      0.000881","         date                                            actions
0  2024-01-03                        [0, 0, 0, 0, 0, 0, 0, 0, 0]
1  2024-01-04      [0.0, 0.0, 0.0, 0.0, 0.0, 0.0, 0.0, 1.0, 0.0]
2  2024-01-05  [0.0, 0.019342925, 0.0, 0.0, 0.0, 0.0, 0.0, 0....
3  2024-01-08  [0.0, 0.057623178, 0.0, 0.0, 0.0, 0.0, 0.0, 0....
4  2024-01-09  [0.0, 0.03805464, 0.0, 0.0, 0.0, 0.0, 0.0, 0.9...
5  2024-01-10  [0.0, 0.13771717, 0.0, 0.0, 0.0, 0.0, 0.0, 0.8...
6  2024-01-11  [0.0, 0.2129714, 0.0, 0.0, 0.0, 0.0, 0.0, 0.78...
7  2024-01-12  [0.0, 0.06477689, 0.0, 0.0, 0.0, 0.0, 0.0, 0.9...
8  2024-01-15  [0.0, 0.06776169, 0.0, 0.0, 0.0, 0.0, 0.0, 0.9...
9  2024-01-16  [0.0, 0.048144463, 0.0, 0.0, 0.0, 0.0, 0.0, 0....
10 2024-01-17  [0.0, 0.027210912, 0.0, 0.0, 0.0, 0.0, 0.0, 0....
11 2024-01-18      [0.0, 0.0, 0.0, 0.0, 0.0, 0.0, 0.0, 1.0, 0.0]
12 2024-01-19      [0.0, 0.0, 0.0, 0.0, 0.0, 0.0, 0.0, 1.0, 0.0]
13 2024-01-22      [0.0, 0.0, 0.0, 0.0, 0.0, 0.0, 0.0, 1.0, 0.0]
14 2024-01-23      [0.0, 0.0, 0.0, 0.0, 0.0, 0.0, 0.0, 1.0, 0.0]
15 2024-01-24      [0.0, 0.0, 0.0, 0.0, 0.0, 0.0, 0.0, 1.0, 0.0]
16 2024-01-25      [0.0, 0.0, 0.0, 0.0, 0.0, 0.0, 0.0, 1.0, 0.0]
17 2024-01-26      [0.0, 0.0, 0.0, 0.0, 0.0, 0.0, 0.0, 1.0, 0.0]
18 2024-01-29  [0.0, 0.011806366, 0.0, 0.0, 0.0, 0.0, 0.0, 0....
19 2024-01-30      [0.0, 0.0, 0.0, 0.0, 0.0, 0.0, 0.0, 1.0, 0.0]
20 2024-01-31      [0.0, 0.0, 0.0, 0.0, 0.0, 0.0, 0.0, 1.0, 0.0]",0
ppo,8,-0.016652318857384052,-0.0312178773153839,-3.1860532387795018,"         date  daily_return
0  2024-02-01      0.000000
1  2024-02-02     -0.001118
2  2024-02-05     -0.000481
3  2024-02-06     -0.001844
4  2024-02-07     -0.001233
5  2024-02-08     -0.006191
6  2024-02-09      0.001745
7  2024-02-12     -0.003579
8  2024-02-13      0.003280
9  2024-02-14     -0.001998
10 2024-02-15     -0.001773
11 2024-02-16     -0.004510
12 2024-02-19     -0.002461
13 2024-02-20     -0.006992
14 2024-02-21     -0.004473
15 2024-02-22      0.000884
16 2024-02-26      0.007268
17 2024-02-27      0.001183
18 2024-02-28     -0.004049
19 2024-02-29      0.009720","         date                                            actions
0  2024-02-01                        [0, 0, 0, 0, 0, 0, 0, 0, 0]
1  2024-02-02  [0.28190595, 0.29926142, 0.23574202, 0.0777710...
2  2024-02-05  [0.2898259, 0.26930317, 0.2538827, 0.08344422,...
3  2024-02-06  [0.33818996, 0.19273898, 0.2028996, 0.11919446...
4  2024-02-07  [0.33879238, 0.15394431, 0.24098812, 0.0917787...
5  2024-02-08  [0.3690079, 0.07965355, 0.2772526, 0.062705204...
6  2024-02-09  [0.32000548, 0.034765463, 0.30424905, 0.023534...
7  2024-02-12  [0.31227213, 0.051461797, 0.28277686, 0.039015...
8  2024-02-13  [0.29813242, 0.03159347, 0.28808993, 0.0212989...
9  2024-02-14  [0.31287724, 0.047511827, 0.25430173, 0.050567...
10 2024-02-15  [0.29674807, 0.04015978, 0.2600685, 0.02904877...
11 2024-02-16  [0.2871232, 0.027479868, 0.26722628, 0.0232369...
12 2024-02-19  [0.25963765, 0.0060000126, 0.2932714, 0.0, 0.1...
13 2024-02-20  [0.24491054, 0.0, 0.29343224, 0.0, 0.19115497,...
14 2024-02-21  [0.20305237, 0.0, 0.3051476, 0.0, 0.1754713, 0...
15 2024-02-22  [0.17290245, 0.0, 0.3225118, 0.0, 0.16712637, ...
16 2024-02-26  [0.17445818, 0.0, 0.31570688, 0.0, 0.1662755, ...
17 2024-02-27  [0.17022097, 0.0070276335, 0.29190478, 0.0, 0....
18 2024-02-28  [0.18075463, 0.0154439155, 0.27716506, 0.0, 0....
19 2024-02-29  [0.1512159, 0.022408888, 0.28325215, 0.0, 0.16...",0
ddpg,0,0.029572581401889897,-0.012886396416761894,4.412521038904815,"         date  daily_return
0  2023-06-01      0.000000
1  2023-06-02      0.005052
2  2023-06-05     -0.006816
3  2023-06-06      0.005401
4  2023-06-07     -0.000567
5  2023-06-08     -0.000249
6  2023-06-09      0.000607
7  2023-06-13      0.013203
8  2023-06-14      0.000479
9  2023-06-15      0.003526
10 2023-06-16     -0.000704
11 2023-06-19      0.007148
12 2023-06-20     -0.003101
13 2023-06-21      0.002594
14 2023-06-22     -0.004555
15 2023-06-23     -0.007858
16 2023-06-26      0.003338
17 2023-06-27      0.008454
18 2023-06-28     -0.002755
19 2023-06-29      0.003501
20 2023-06-30      0.002721","         date                                            actions
0  2023-06-01                        [0, 0, 0, 0, 0, 0, 0, 0, 0]
1  2023-06-02  [0.19512773, 0.0, 0.19512773, 0.19512773, 0.02...
2  2023-06-05  [0.19824412, 0.0, 0.19824412, 0.19824408, 0.00...
3  2023-06-06  [0.19458917, 0.0, 0.19458917, 0.19458917, 0.02...
4  2023-06-07  [0.19580713, 0.0, 0.19580713, 0.19580713, 0.02...
5  2023-06-08  [0.19388908, 0.0, 0.19388908, 0.19388908, 0.03...
6  2023-06-09  [0.19839227, 0.0, 0.19839227, 0.19839227, 0.00...
7  2023-06-13  [0.19963352, 0.0, 0.19963352, 0.19963352, 0.00...
8  2023-06-14  [0.19995432, 0.0, 0.19995432, 0.19995432, 0.00...
9  2023-06-15  [0.19994241, 0.0, 0.19994241, 0.19994241, 0.00...
10 2023-06-16  [0.19999291, 0.0, 0.19999291, 0.19999291, 3.55...
11 2023-06-19  [0.19999607, 0.0, 0.19999607, 0.19999607, 2.08...
12 2023-06-20  [0.1999996, 0.0, 0.1999996, 0.1999996, 3.82065...
13 2023-06-21  [0.20006302, 0.0, 0.20006302, 0.20006302, 3.60...
14 2023-06-22  [0.2000492, 0.0, 0.2000492, 0.2000492, 4.14354...
15 2023-06-23  [0.2375856, 0.0, 0.2375856, 0.2375856, 1.86998...
16 2023-06-26  [0.24995843, 0.0, 0.24995843, 0.24995843, 0.00...
17 2023-06-27  [0.24996954, 0.0, 0.24996954, 0.24996954, 0.00...
18 2023-06-28  [0.24986212, 0.0, 0.24986212, 0.24986212, 5.29...
19 2023-06-29  [0.24999884, 0.0, 0.24999884, 0.24999884, 4.67...
20 2023-06-30  [0.24999931, 0.0, 0.24999931, 0.24999931, 2.76...",0
ddpg,1,0.0674408935759998,-0.010853220319296178,8.69757906200656,"         date  daily_return
0  2023-07-03      0.000000
1  2023-07-04     -0.002250
2  2023-07-05      0.004730
3  2023-07-06      0.004624
4  2023-07-07      0.007374
5  2023-07-10      0.010212
6  2023-07-11      0.000194
7  2023-07-12      0.007821
8  2023-07-13     -0.005502
9  2023-07-14      0.006537
10 2023-07-17      0.004520
11 2023-07-18      0.005480
12 2023-07-19     -0.002971
13 2023-07-20     -0.007906
14 2023-07-21      0.006377
15 2023-07-24      0.001046
16 2023-07-25      0.001866
17 2023-07-26      0.001101
18 2023-07-27      0.003420
19 2023-07-28      0.000705
20 2023-07-31      0.018310","         date                                            actions
0  2023-07-03                        [0, 0, 0, 0, 0, 0, 0, 0, 0]
1  2023-07-04  [0.0, 0.0, 0.25, 0.0, 0.25, 0.25, 0.0, 0.25, 0.0]
2  2023-07-05  [0.0, 0.0, 0.25, 0.0, 0.25, 0.25, 0.0, 0.25, 0.0]
3  2023-07-06  [0.0, 0.0, 0.25, 0.0, 0.25, 0.25, 0.0, 0.25, 0.0]
4  2023-07-07  [0.0, 0.0, 0.25, 0.0, 0.25, 0.25, 0.0, 0.25, 0.0]
5  2023-07-10  [0.0, 0.0, 0.25, 0.0, 0.25, 0.25, 0.0, 0.25, 0.0]
6  2023-07-11  [0.0, 0.0, 0.25, 0.0, 0.25, 0.25, 0.0, 0.25, 0.0]
7  2023-07-12  [0.0, 0.0, 0.25, 0.0, 0.25, 0.25, 0.0, 0.25, 0.0]
8  2023-07-13  [0.0, 0.0, 0.25, 0.0, 0.25, 0.25, 0.0, 0.25, 0.0]
9  2023-07-14  [0.0, 0.0, 0.25, 0.0, 0.25, 0.25, 0.0, 0.25, 0.0]
10 2023-07-17  [0.0, 0.0, 0.25, 0.0, 0.25, 0.25, 0.0, 0.25, 0.0]
11 2023-07-18  [0.0, 0.0, 0.25, 0.0, 0.25, 0.25, 0.0, 0.25, 0.0]
12 2023-07-19  [0.0, 0.0, 0.25, 0.0, 0.25, 0.25, 0.0, 0.25, 0.0]
13 2023-07-20  [0.0, 0.0, 0.25, 0.0, 0.25, 0.25, 0.0, 0.25, 0.0]
14 2023-07-21  [0.0, 0.0, 0.25, 0.0, 0.25, 0.25, 0.0, 0.25, 0.0]
15 2023-07-24  [0.0, 0.0, 0.25, 0.0, 0.25, 0.25, 0.0, 0.25, 0.0]
16 2023-07-25  [0.0, 0.0, 0.25, 0.0, 0.25, 0.25, 0.0, 0.25, 0.0]
17 2023-07-26  [0.0, 0.0, 0.25, 0.0, 0.25, 0.25, 0.0, 0.25, 0.0]
18 2023-07-27  [0.0, 0.0, 0.25, 0.0, 0.25, 0.25, 0.0, 0.25, 0.0]
19 2023-07-28  [0.0, 0.0, 0.25, 0.0, 0.25, 0.25, 0.0, 0.25, 0.0]
20 2023-07-31  [0.0, 0.0, 0.25, 0.0, 0.25, 0.25, 0.0, 0.25, 0.0]",0
ddpg,2,0.026737646211000055,-0.024716681486381994,2.6002379379645384,"         date  daily_return
0  2023-08-01      0.000000
1  2023-08-02      0.000137
2  2023-08-03      0.007716
3  2023-08-04     -0.008999
4  2023-08-07     -0.001867
5  2023-08-08      0.001387
6  2023-08-09      0.000508
7  2023-08-10      0.006456
8  2023-08-11      0.000598
9  2023-08-14     -0.013007
10 2023-08-15     -0.000412
11 2023-08-16     -0.009497
12 2023-08-17      0.006704
13 2023-08-18      0.009015
14 2023-08-21      0.003138
15 2023-08-22      0.011953
16 2023-08-23     -0.014051
17 2023-08-24      0.011706
18 2023-08-25      0.001837
19 2023-08-28      0.008882
20 2023-08-29     -0.000686
21 2023-08-30      0.002734
22 2023-08-31      0.002711","         date                                            actions
0  2023-08-01                        [0, 0, 0, 0, 0, 0, 0, 0, 0]
1  2023-08-02  [0.24830933, 0.24830933, 0.24830933, 0.0, 0.0,...
2  2023-08-03  [0.24811241, 0.24811241, 0.24811241, 0.0, 0.0,...
3  2023-08-04  [0.24977192, 0.24977192, 0.24977192, 0.0, 0.0,...
4  2023-08-07  [0.21306722, 0.21306722, 0.21306722, 0.0, 0.0,...
5  2023-08-08  [0.21074268, 0.21074268, 0.21074268, 0.0, 0.0,...
6  2023-08-09  [0.20933846, 0.20933846, 0.20933846, 0.0, 0.0,...
7  2023-08-10  [0.2339327, 0.2339327, 0.2339327, 0.0, 0.0, 0....
8  2023-08-11  [0.24869984, 0.24869984, 0.24869984, 0.0, 0.0,...
9  2023-08-14  [0.24975066, 0.24975066, 0.24975066, 0.0, 0.0,...
10 2023-08-15  [0.20000002, 0.20000002, 0.20000002, 0.0, 0.0,...
11 2023-08-16  [0.2, 0.2, 0.2, 0.0, 0.0, 0.19999997, 0.0, 0.2...
12 2023-08-17      [0.2, 0.2, 0.2, 0.0, 0.0, 0.2, 0.0, 0.2, 0.0]
13 2023-08-18      [0.2, 0.2, 0.2, 0.0, 0.0, 0.2, 0.0, 0.2, 0.0]
14 2023-08-21      [0.2, 0.2, 0.2, 0.0, 0.0, 0.2, 0.0, 0.2, 0.0]
15 2023-08-22      [0.2, 0.2, 0.2, 0.0, 0.0, 0.2, 0.0, 0.2, 0.0]
16 2023-08-23      [0.2, 0.2, 0.2, 0.0, 0.0, 0.2, 0.0, 0.2, 0.0]
17 2023-08-24      [0.2, 0.2, 0.2, 0.0, 0.0, 0.2, 0.0, 0.2, 0.0]
18 2023-08-25      [0.2, 0.2, 0.2, 0.0, 0.0, 0.2, 0.0, 0.2, 0.0]
19 2023-08-28      [0.2, 0.2, 0.2, 0.0, 0.0, 0.2, 0.0, 0.2, 0.0]
20 2023-08-29      [0.2, 0.2, 0.2, 0.0, 0.0, 0.2, 0.0, 0.2, 0.0]
21 2023-08-30      [0.2, 0.2, 0.2, 0.0, 0.0, 0.2, 0.0, 0.2, 0.0]
22 2023-08-31      [0.2, 0.2, 0.2, 0.0, 0.0, 0.2, 0.0, 0.2, 0.0]",0
ddpg,3,-0.015226437498999879,-0.0609292692266375,-1.1496152957193804,"         date  daily_return
0  2023-09-01      0.000000
1  2023-09-04      0.006370
2  2023-09-05      0.000408
3  2023-09-06     -0.006519
4  2023-09-07     -0.013379
5  2023-09-08     -0.009514
6  2023-09-11     -0.010079
7  2023-09-12      0.018544
8  2023-09-13     -0.010662
9  2023-09-14     -0.004104
10 2023-09-15      0.005482
11 2023-09-18     -0.007478
12 2023-09-19     -0.015866
13 2023-09-20      0.002255
14 2023-09-21     -0.010869
15 2023-09-22      0.011323
16 2023-09-25     -0.002815
17 2023-09-26      0.004302
18 2023-09-27      0.008112
19 2023-09-28      0.010787
20 2023-09-29      0.009265","         date                                        actions
0  2023-09-01                    [0, 0, 0, 0, 0, 0, 0, 0, 0]
1  2023-09-04  [0.0, 0.2, 0.2, 0.0, 0.2, 0.2, 0.0, 0.0, 0.2]
2  2023-09-05  [0.0, 0.2, 0.2, 0.0, 0.2, 0.2, 0.0, 0.0, 0.2]
3  2023-09-06  [0.0, 0.2, 0.2, 0.0, 0.2, 0.2, 0.0, 0.0, 0.2]
4  2023-09-07  [0.0, 0.2, 0.2, 0.0, 0.2, 0.2, 0.0, 0.0, 0.2]
5  2023-09-08  [0.0, 0.2, 0.2, 0.0, 0.2, 0.2, 0.0, 0.0, 0.2]
6  2023-09-11  [0.0, 0.2, 0.2, 0.0, 0.2, 0.2, 0.0, 0.0, 0.2]
7  2023-09-12  [0.0, 0.2, 0.2, 0.0, 0.2, 0.2, 0.0, 0.0, 0.2]
8  2023-09-13  [0.0, 0.2, 0.2, 0.0, 0.2, 0.2, 0.0, 0.0, 0.2]
9  2023-09-14  [0.0, 0.2, 0.2, 0.0, 0.2, 0.2, 0.0, 0.0, 0.2]
10 2023-09-15  [0.0, 0.2, 0.2, 0.0, 0.2, 0.2, 0.0, 0.0, 0.2]
11 2023-09-18  [0.0, 0.2, 0.2, 0.0, 0.2, 0.2, 0.0, 0.0, 0.2]
12 2023-09-19  [0.0, 0.2, 0.2, 0.0, 0.2, 0.2, 0.0, 0.0, 0.2]
13 2023-09-20  [0.0, 0.2, 0.2, 0.0, 0.2, 0.2, 0.0, 0.0, 0.2]
14 2023-09-21  [0.0, 0.2, 0.2, 0.0, 0.2, 0.2, 0.0, 0.0, 0.2]
15 2023-09-22  [0.0, 0.2, 0.2, 0.0, 0.2, 0.2, 0.0, 0.0, 0.2]
16 2023-09-25  [0.0, 0.2, 0.2, 0.0, 0.2, 0.2, 0.0, 0.0, 0.2]
17 2023-09-26  [0.0, 0.2, 0.2, 0.0, 0.2, 0.2, 0.0, 0.0, 0.2]
18 2023-09-27  [0.0, 0.2, 0.2, 0.0, 0.2, 0.2, 0.0, 0.0, 0.2]
19 2023-09-28  [0.0, 0.2, 0.2, 0.0, 0.2, 0.2, 0.0, 0.0, 0.2]
20 2023-09-29  [0.0, 0.2, 0.2, 0.0, 0.2, 0.2, 0.0, 0.0, 0.2]",0
ddpg,4,0.0338645765379999,-0.02061465194547344,3.27490890994682,"         date  daily_return
0  2023-10-02      0.000000
1  2023-10-03     -0.003376
2  2023-10-04     -0.003282
3  2023-10-05      0.001885
4  2023-10-06      0.005930
5  2023-10-09      0.008788
6  2023-10-10     -0.000490
7  2023-10-11     -0.008122
8  2023-10-12      0.014316
9  2023-10-13      0.012894
10 2023-10-16      0.011066
11 2023-10-17      0.000588
12 2023-10-18      0.008571
13 2023-10-19      0.003391
14 2023-10-20      0.002367
15 2023-10-23     -0.006173
16 2023-10-24     -0.005503
17 2023-10-25      0.006570
18 2023-10-26     -0.010712
19 2023-10-27      0.009680
20 2023-10-30     -0.004872
21 2023-10-31     -0.009603","         date                                            actions
0  2023-10-02                        [0, 0, 0, 0, 0, 0, 0, 0, 0]
1  2023-10-03  [0.0, 0.33333334, 0.33333334, 0.0, 0.0, 0.0, 0...
2  2023-10-04  [0.0, 0.33333328, 0.33333334, 0.0, 0.0, 0.0, 0...
3  2023-10-05  [0.0, 0.33333203, 0.33333397, 0.0, 0.0, 0.0, 0...
4  2023-10-06  [0.0, 0.3333317, 0.33333418, 0.0, 0.0, 0.0, 0....
5  2023-10-09  [0.0, 0.33333173, 0.33333412, 0.0, 0.0, 0.0, 0...
6  2023-10-10  [0.0, 0.33329192, 0.33335406, 0.0, 0.0, 0.0, 0...
7  2023-10-11  [0.0, 0.33147353, 0.3342632, 0.0, 0.0, 0.0, 0....
8  2023-10-12  [0.0, 0.3331279, 0.33343604, 0.0, 0.0, 0.0, 0....
9  2023-10-13  [0.0, 0.33222467, 0.33388764, 0.0, 0.0, 0.0, 0...
10 2023-10-16  [0.0, 0.3322324, 0.33388382, 0.0, 0.0, 0.0, 0....
11 2023-10-17  [0.0, 0.113095105, 0.44345245, 0.0, 0.0, 0.0, ...
12 2023-10-18  [0.0, 0.13253042, 0.4337348, 0.0, 0.0, 0.0, 0....
13 2023-10-19  [0.0, 0.23490329, 0.38254836, 0.0, 0.0, 0.0, 0...
14 2023-10-20  [0.0, 0.0013105064, 0.49934474, 0.0, 0.0, 0.0,...
15 2023-10-23  [0.0, 3.3825522e-06, 0.49999833, 0.0, 0.0, 0.0...
16 2023-10-24  [0.0, 4.0233155e-07, 0.50000024, 0.0, 0.0, 0.0...
17 2023-10-25  [0.0, 7.450621e-08, 0.50000274, 0.0, 0.0, 0.0,...
18 2023-10-26  [0.0, 1.4901197e-08, 0.5000012, 0.0, 0.0, 0.0,...
19 2023-10-27  [0.055104945, 0.0, 0.6675769, 0.0, 0.0, 0.0, 0...
20 2023-10-30  [0.040957347, 0.0, 0.6439496, 0.0, 0.0, 0.0, 0...
21 2023-10-31  [0.34488767, 0.0, 0.5953643, 0.0, 0.0, 0.0, 0....",0
ddpg,5,-0.02485038325600053,-0.026184992672472075,-6.39229083973265,"         date  daily_return
0  2023-11-01      0.000000
1  2023-11-02     -0.002241
2  2023-11-03     -0.000084
3  2023-11-06      0.003705
4  2023-11-07     -0.000626
5  2023-11-08     -0.002081
6  2023-11-09     -0.001423
7  2023-11-10      0.000373
8  2023-11-13      0.002186
9  2023-11-14     -0.008092
10 2023-11-15     -0.000941
11 2023-11-16     -0.007826
12 2023-11-17      0.001340
13 2023-11-20      0.000368
14 2023-11-21      0.000766
15 2023-11-22      0.001658
16 2023-11-23     -0.004232
17 2023-11-24     -0.001388
18 2023-11-27     -0.002703
19 2023-11-28     -0.001470
20 2023-11-29     -0.000366
21 2023-11-30     -0.001987","         date                                            actions
0  2023-11-01                        [0, 0, 0, 0, 0, 0, 0, 0, 0]
1  2023-11-02  [0.275924, 0.275924, 0.275924, 0.0, 0.17201038...
2  2023-11-03  [0.30980277, 0.30980277, 0.30980277, 0.0, 0.07...
3  2023-11-06  [0.3277151, 0.3277151, 0.3277151, 0.0, 0.01685...
4  2023-11-07  [0.29551125, 0.29551125, 0.29551125, 0.0, 0.11...
5  2023-11-08  [0.3007825, 0.3007825, 0.3007825, 0.0, 0.09744...
6  2023-11-09  [0.26830935, 0.26830935, 0.26830935, 0.0, 0.19...
7  2023-11-10  [0.26122513, 0.26122513, 0.26122513, 0.0, 0.21...
8  2023-11-13  [0.24837978, 0.24837978, 0.24837978, 0.0, 0.22...
9  2023-11-14  [0.20031494, 0.20031494, 0.20031494, 0.0, 0.19...
10 2023-11-15  [0.20082104, 0.20082104, 0.20082104, 0.0, 0.19...
11 2023-11-16  [0.20018691, 0.20018691, 0.20018691, 0.0, 0.19...
12 2023-11-17  [0.20616433, 0.20616433, 0.20616433, 0.0, 0.17...
13 2023-11-20  [0.20714729, 0.20714729, 0.20714729, 0.0, 0.17...
14 2023-11-21  [0.204313, 0.204313, 0.204313, 0.0, 0.18287677...
15 2023-11-22  [0.20356743, 0.20356743, 0.20356743, 0.0, 0.18...
16 2023-11-23  [0.20804398, 0.20804398, 0.20804398, 0.0, 0.16...
17 2023-11-24  [0.22086625, 0.22086625, 0.22086625, 0.0, 0.11...
18 2023-11-27  [0.22073075, 0.22073075, 0.22073075, 0.0, 0.11...
19 2023-11-28  [0.26459545, 0.26459545, 0.26459545, 0.0, 0.02...
20 2023-11-29  [0.33085468, 0.33085468, 0.33085468, 0.0, 0.00...
21 2023-11-30  [0.3332065, 0.3332065, 0.3332065, 0.0, 0.00036...",0
ddpg,6,-0.01958221633513768,-0.043835313523150884,-1.6703855243490222,"         date  daily_return
0  2023-12-01      0.000000
1  2023-12-04     -0.010911
2  2023-12-05      0.008153
3  2023-12-06     -0.020297
4  2023-12-07     -0.001479
5  2023-12-08      0.000505
6  2023-12-11     -0.014138
7  2023-12-12     -0.000740
8  2023-12-13      0.006570
9  2023-12-14     -0.011990
10 2023-12-15      0.020390
11 2023-12-18      0.005603
12 2023-12-19      0.000961
13 2023-12-20      0.000386
14 2023-12-21     -0.005525
15 2023-12-22      0.005240
16 2023-12-25     -0.000357
17 2023-12-26      0.001000
18 2023-12-27     -0.001656
19 2023-12-28     -0.001400
20 2023-12-29      0.000660","         date                                        actions
0  2023-12-01                    [0, 0, 0, 0, 0, 0, 0, 0, 0]
1  2023-12-04  [0.0, 0.0, 0.0, 0.2, 0.2, 0.0, 0.2, 0.2, 0.2]
2  2023-12-05  [0.0, 0.0, 0.0, 0.2, 0.2, 0.0, 0.2, 0.2, 0.2]
3  2023-12-06  [0.0, 0.0, 0.0, 0.2, 0.2, 0.0, 0.2, 0.2, 0.2]
4  2023-12-07  [0.0, 0.0, 0.0, 0.2, 0.2, 0.0, 0.2, 0.2, 0.2]
5  2023-12-08  [0.0, 0.0, 0.0, 0.2, 0.2, 0.0, 0.2, 0.2, 0.2]
6  2023-12-11  [0.0, 0.0, 0.0, 0.2, 0.2, 0.0, 0.2, 0.2, 0.2]
7  2023-12-12  [0.0, 0.0, 0.0, 0.2, 0.2, 0.0, 0.2, 0.2, 0.2]
8  2023-12-13  [0.0, 0.0, 0.0, 0.2, 0.2, 0.0, 0.2, 0.2, 0.2]
9  2023-12-14  [0.0, 0.0, 0.0, 0.2, 0.2, 0.0, 0.2, 0.2, 0.2]
10 2023-12-15  [0.0, 0.0, 0.0, 0.2, 0.2, 0.0, 0.2, 0.2, 0.2]
11 2023-12-18  [0.0, 0.0, 0.0, 0.2, 0.2, 0.0, 0.2, 0.2, 0.2]
12 2023-12-19  [0.0, 0.0, 0.0, 0.2, 0.2, 0.0, 0.2, 0.2, 0.2]
13 2023-12-20  [0.0, 0.0, 0.0, 0.2, 0.2, 0.0, 0.2, 0.2, 0.2]
14 2023-12-21  [0.0, 0.0, 0.0, 0.2, 0.2, 0.0, 0.2, 0.2, 0.2]
15 2023-12-22  [0.0, 0.0, 0.0, 0.2, 0.2, 0.0, 0.2, 0.2, 0.2]
16 2023-12-25  [0.0, 0.0, 0.0, 0.2, 0.2, 0.0, 0.2, 0.2, 0.2]
17 2023-12-26  [0.0, 0.0, 0.0, 0.2, 0.2, 0.0, 0.2, 0.2, 0.2]
18 2023-12-27  [0.0, 0.0, 0.0, 0.2, 0.2, 0.0, 0.2, 0.2, 0.2]
19 2023-12-28  [0.0, 0.0, 0.0, 0.2, 0.2, 0.0, 0.2, 0.2, 0.2]
20 2023-12-29  [0.0, 0.0, 0.0, 0.2, 0.2, 0.0, 0.2, 0.2, 0.2]",0
ddpg,7,0.00760703061000001,-0.0069257247064599655,2.8795337375014163,"         date  daily_return
0  2024-01-03      0.000000
1  2024-01-04     -0.002098
2  2024-01-05      0.001968
3  2024-01-08      0.001400
4  2024-01-09      0.003800
5  2024-01-10      0.001673
6  2024-01-11     -0.004157
7  2024-01-12      0.003517
8  2024-01-15     -0.001056
9  2024-01-16     -0.001898
10 2024-01-17     -0.000945
11 2024-01-18     -0.000521
12 2024-01-19     -0.001870
13 2024-01-22      0.001521
14 2024-01-23      0.001569
15 2024-01-24      0.000565
16 2024-01-25     -0.000806
17 2024-01-26      0.001135
18 2024-01-29      0.002561
19 2024-01-30     -0.000345
20 2024-01-31      0.001605","         date                                            actions
0  2024-01-03                        [0, 0, 0, 0, 0, 0, 0, 0, 0]
1  2024-01-04  [0.33319458, 0.0004044577, 0.0, 0.0, 0.3331945...
2  2024-01-05  [0.34112418, 3.3142114e-06, 0.0, 0.0, 0.341124...
3  2024-01-08  [0.3603236, 2.2550809e-07, 0.0, 0.0, 0.3603236...
4  2024-01-09  [0.34230664, 2.0403066e-08, 0.0, 0.0, 0.342306...
5  2024-01-10  [0.4560594, 0.0, 0.0, 1.3591629e-08, 0.4560594...
6  2024-01-11  [0.44056574, 0.0, 0.0, 0.0, 0.44056574, 0.0, 0...
7  2024-01-12  [0.29458877, 0.0, 0.0, 0.0, 0.29458877, 0.0, 0...
8  2024-01-15  [0.29255605, 0.0, 0.0, 0.0, 0.29255605, 0.0, 0...
9  2024-01-16  [0.2827993, 0.0, 0.0, 0.0, 0.2827993, 0.0, 0.2...
10 2024-01-17  [0.28466257, 0.0, 0.0, 0.0, 0.28466257, 0.0, 0...
11 2024-01-18  [0.3020844, 0.0, 0.0, 0.0, 0.3020844, 0.0, 0.2...
12 2024-01-19  [0.27686915, 0.0, 0.0, 0.0, 0.27686915, 0.0, 0...
13 2024-01-22  [0.32639092, 0.0, 0.0, 0.0, 0.32639092, 0.0, 0...
14 2024-01-23  [0.30573314, 0.0, 0.0, 0.0, 0.30573314, 0.0, 0...
15 2024-01-24  [0.3428023, 0.0, 0.0, 0.0, 0.3428023, 0.0, 0.1...
16 2024-01-25  [0.38532788, 0.0, 0.0, 3.4451e-08, 0.38532788,...
17 2024-01-26  [0.44319907, 0.0, 0.0, 3.5662578e-07, 0.443199...
18 2024-01-29  [0.47696242, 0.0, 0.0, 4.5628826e-06, 0.476962...
19 2024-01-30  [0.44678748, 0.0, 0.0, 1.0519091e-06, 0.446787...
20 2024-01-31  [0.42640278, 0.0, 0.0, 4.828961e-07, 0.4264027...",0
ddpg,8,-0.01270974427575422,-0.02777901968924695,-2.3249959716096966,"         date  daily_return
0  2024-02-01      0.000000
1  2024-02-02     -0.003325
2  2024-02-05     -0.000704
3  2024-02-06     -0.001695
4  2024-02-07     -0.002815
5  2024-02-08     -0.006710
6  2024-02-09      0.004177
7  2024-02-12     -0.001338
8  2024-02-13      0.003406
9  2024-02-14     -0.000968
10 2024-02-15      0.000670
11 2024-02-16     -0.005871
12 2024-02-19     -0.000725
13 2024-02-20     -0.010065
14 2024-02-21     -0.002089
15 2024-02-22      0.001489
16 2024-02-26      0.007433
17 2024-02-27      0.000911
18 2024-02-28     -0.001984
19 2024-02-29      0.007590","         date                                            actions
0  2024-02-01                        [0, 0, 0, 0, 0, 0, 0, 0, 0]
1  2024-02-02  [0.20006888, 0.0, 0.20006886, 0.19954386, 0.20...
2  2024-02-05  [0.2000146, 0.0, 0.20001398, 0.19992475, 0.200...
3  2024-02-06  [0.20009877, 0.0, 0.20009722, 0.19959877, 0.20...
4  2024-02-07  [0.2001889, 0.0, 0.20018837, 0.19923216, 0.200...
5  2024-02-08  [0.20025574, 0.0, 0.20025532, 0.19896805, 0.20...
6  2024-02-09  [0.20046316, 0.0, 0.20046307, 0.19809654, 0.20...
7  2024-02-12  [0.20018645, 0.0, 0.20018616, 0.19923678, 0.20...
8  2024-02-13  [0.20019802, 0.0, 0.20019783, 0.19918892, 0.20...
9  2024-02-14  [0.2003611, 0.0, 0.20036098, 0.19852535, 0.200...
10 2024-02-15  [0.200523, 0.0, 0.20052297, 0.19779511, 0.2005...
11 2024-02-16  [0.20074138, 0.0, 0.20074135, 0.19691846, 0.20...
12 2024-02-19  [0.20103803, 0.0, 0.20103803, 0.19519597, 0.20...
13 2024-02-20  [0.20055081, 0.0, 0.2005508, 0.1969299, 0.2005...
14 2024-02-21  [0.19641629, 0.0, 0.19641629, 0.19213077, 0.19...
15 2024-02-22  [0.19498922, 0.0, 0.19498922, 0.19440316, 0.19...
16 2024-02-26  [0.19658946, 0.0, 0.19658946, 0.19607791, 0.19...
17 2024-02-27  [0.19601151, 0.0, 0.19601151, 0.19161516, 0.19...
18 2024-02-28  [0.19710673, 0.0, 0.19710673, 0.1584273, 0.197...
19 2024-02-29  [0.19719432, 5.876849e-09, 0.19719432, 0.17688...",0
td3,0,0.050837275384233216,-0.0185548680876669,5.587265501772455,"         date  daily_return
0  2023-06-01      0.000000
1  2023-06-02      0.008522
2  2023-06-05     -0.007539
3  2023-06-06      0.006921
4  2023-06-07     -0.001209
5  2023-06-08     -0.000165
6  2023-06-09      0.001434
7  2023-06-13      0.015070
8  2023-06-14      0.000346
9  2023-06-15      0.005639
10 2023-06-16      0.000947
11 2023-06-19      0.008196
12 2023-06-20     -0.002581
13 2023-06-21      0.003084
14 2023-06-22     -0.005364
15 2023-06-23     -0.013262
16 2023-06-26      0.006915
17 2023-06-27      0.013948
18 2023-06-28     -0.000458
19 2023-06-29      0.008036
20 2023-06-30      0.001626","         date                                            actions
0  2023-06-01                        [0, 0, 0, 0, 0, 0, 0, 0, 0]
1  2023-06-02  [2.4794179e-05, 0.0, 0.26924098, 0.12403101, 0...
2  2023-06-05  [9.695118e-05, 0.0, 0.21997038, 0.2085726, 0.1...
3  2023-06-06  [4.8744096e-06, 0.0, 0.2559594, 0.13871984, 0....
4  2023-06-07  [8.879886e-06, 0.0, 0.23760727, 0.18242355, 0....
5  2023-06-08  [3.08613e-06, 0.0, 0.23696417, 0.1742931, 0.05...
6  2023-06-09  [2.2137426e-06, 0.0, 0.25614095, 0.11633131, 0...
7  2023-06-13  [7.127337e-06, 0.0, 0.22350818, 0.18530394, 0....
8  2023-06-14  [5.5820692e-05, 0.0, 0.21052395, 0.19407496, 0...
9  2023-06-15  [4.6752495e-05, 0.0, 0.21011966, 0.1915144, 0....
10 2023-06-16  [9.906289e-05, 0.0, 0.20870213, 0.19244148, 0....
11 2023-06-19  [6.218048e-05, 0.0, 0.21571863, 0.1530408, 0.1...
12 2023-06-20  [0.00018542347, 0.0, 0.21197845, 0.16320539, 0...
13 2023-06-21  [7.380499e-05, 0.0, 0.21523419, 0.14685939, 0....
14 2023-06-22  [5.138059e-05, 0.0, 0.21928854, 0.12947632, 0....
15 2023-06-23  [5.631259e-06, 0.0, 0.24635424, 0.03021221, 0....
16 2023-06-26  [3.9788023e-07, 0.0, 0.31048012, 5.852541e-05,...
17 2023-06-27  [1.520086e-07, 0.0, 0.30003306, 0.001312791, 0...
18 2023-06-28  [1.2037442e-07, 0.0, 0.23759384, 0.013170902, ...
19 2023-06-29  [0.00013155646, 0.0, 0.26064608, 9.709823e-07,...
20 2023-06-30  [1.3245737e-05, 0.0, 0.24514793, 1.954349e-05,...",0
td3,1,0.10131400521499967,-0.01630349595842782,11.326172596877107,"         date  daily_return
0  2023-07-03      0.000000
1  2023-07-04      0.001808
2  2023-07-05      0.008947
3  2023-07-06      0.008623
4  2023-07-07      0.010488
5  2023-07-10      0.002575
6  2023-07-11      0.004099
7  2023-07-12      0.013430
8  2023-07-13     -0.005818
9  2023-07-14      0.006933
10 2023-07-17      0.004021
11 2023-07-18      0.012941
12 2023-07-19     -0.008045
13 2023-07-20     -0.008326
14 2023-07-21      0.013190
15 2023-07-24     -0.000187
16 2023-07-25      0.004150
17 2023-07-26      0.005744
18 2023-07-27      0.003509
19 2023-07-28      0.008871
20 2023-07-31      0.010191","         date                                            actions
0  2023-07-03                        [0, 0, 0, 0, 0, 0, 0, 0, 0]
1  2023-07-04  [0.0, 0.33333334, 0.0, 0.0, 0.0, 0.33333334, 0...
2  2023-07-05  [0.0, 0.33333334, 0.0, 0.0, 0.0, 0.33333334, 0...
3  2023-07-06  [0.0, 0.33333334, 0.0, 0.0, 0.0, 0.33333334, 0...
4  2023-07-07  [0.0, 0.33333334, 0.0, 0.0, 0.0, 0.33333334, 0...
5  2023-07-10  [0.0, 0.33333334, 0.0, 0.0, 0.0, 0.33333334, 0...
6  2023-07-11  [0.0, 0.33333334, 0.0, 0.0, 0.0, 0.33333334, 0...
7  2023-07-12  [0.0, 0.33333334, 0.0, 0.0, 0.0, 0.33333334, 0...
8  2023-07-13  [0.0, 0.33333334, 0.0, 0.0, 0.0, 0.33333334, 0...
9  2023-07-14  [0.0, 0.33333334, 0.0, 0.0, 0.0, 0.33333334, 0...
10 2023-07-17  [0.0, 0.33333334, 0.0, 0.0, 0.0, 0.33333334, 0...
11 2023-07-18  [0.0, 0.33333334, 0.0, 0.0, 0.0, 0.33333334, 0...
12 2023-07-19  [0.0, 0.33333334, 0.0, 0.0, 0.0, 0.33333334, 0...
13 2023-07-20  [0.0, 0.33333334, 0.0, 0.0, 0.0, 0.33333334, 0...
14 2023-07-21  [0.0, 0.33333334, 0.0, 0.0, 0.0, 0.33333334, 0...
15 2023-07-24  [0.0, 0.33333334, 0.0, 0.0, 0.0, 0.33333334, 0...
16 2023-07-25  [0.0, 0.33333334, 0.0, 0.0, 0.0, 0.33333334, 0...
17 2023-07-26  [0.0, 0.33333334, 0.0, 0.0, 0.0, 0.33333334, 0...
18 2023-07-27  [0.0, 0.33333334, 0.0, 0.0, 0.0, 0.33333334, 0...
19 2023-07-28  [0.0, 0.33333334, 0.0, 0.0, 0.0, 0.33333334, 0...
20 2023-07-31  [0.0, 0.33333334, 0.0, 0.0, 0.0, 0.33333334, 0...",0
td3,2,0.041976775349999995,-0.015612773158211336,4.696442904715724,"         date  daily_return
0  2023-08-01      0.000000
1  2023-08-02      0.007256
2  2023-08-03      0.012470
3  2023-08-04     -0.006820
4  2023-08-07      0.004261
5  2023-08-08      0.000238
6  2023-08-09     -0.000537
7  2023-08-10      0.012468
8  2023-08-11      0.005028
9  2023-08-14     -0.008785
10 2023-08-15     -0.000692
11 2023-08-16     -0.006201
12 2023-08-17      0.002260
13 2023-08-18      0.009811
14 2023-08-21      0.005497
15 2023-08-22      0.004062
16 2023-08-23     -0.010098
17 2023-08-24      0.008364
18 2023-08-25      0.000479
19 2023-08-28      0.001673
20 2023-08-29      0.000228
21 2023-08-30      0.001485
22 2023-08-31     -0.000879","         date                                            actions
0  2023-08-01                        [0, 0, 0, 0, 0, 0, 0, 0, 0]
1  2023-08-02      [0.5, 0.0, 0.0, 0.0, 0.0, 0.5, 0.0, 0.0, 0.0]
2  2023-08-03      [0.5, 0.0, 0.0, 0.0, 0.0, 0.5, 0.0, 0.0, 0.0]
3  2023-08-04      [0.5, 0.0, 0.0, 0.0, 0.0, 0.5, 0.0, 0.0, 0.0]
4  2023-08-07      [0.5, 0.0, 0.0, 0.0, 0.0, 0.5, 0.0, 0.0, 0.0]
5  2023-08-08      [0.5, 0.0, 0.0, 0.0, 0.0, 0.5, 0.0, 0.0, 0.0]
6  2023-08-09      [0.5, 0.0, 0.0, 0.0, 0.0, 0.5, 0.0, 0.0, 0.0]
7  2023-08-10      [0.5, 0.0, 0.0, 0.0, 0.0, 0.5, 0.0, 0.0, 0.0]
8  2023-08-11      [0.5, 0.0, 0.0, 0.0, 0.0, 0.5, 0.0, 0.0, 0.0]
9  2023-08-14      [0.5, 0.0, 0.0, 0.0, 0.0, 0.5, 0.0, 0.0, 0.0]
10 2023-08-15  [0.5000001, 0.0, 0.0, 0.0, 0.0, 0.49999988, 0....
11 2023-08-16  [0.50000006, 0.0, 0.0, 0.0, 0.0, 0.49999997, 0...
12 2023-08-17  [0.50000054, 0.0, 0.0, 0.0, 0.0, 0.4999995, 0....
13 2023-08-18  [0.50000006, 0.0, 0.0, 0.0, 0.0, 0.49999997, 0...
14 2023-08-21  [0.50000006, 0.0, 0.0, 0.0, 0.0, 0.4999999, 0....
15 2023-08-22  [0.5000001, 0.0, 0.0, 0.0, 0.0, 0.4999999, 0.0...
16 2023-08-23  [0.50000006, 0.0, 0.0, 0.0, 0.0, 0.49999997, 0...
17 2023-08-24  [0.5000021, 0.0, 0.0, 0.0, 0.0, 0.49999794, 0....
18 2023-08-25  [0.5000003, 0.0, 0.0, 0.0, 0.0, 0.49999973, 0....
19 2023-08-28  [0.50000155, 0.0, 0.0, 0.0, 0.0, 0.49999848, 0...
20 2023-08-29  [0.50000435, 0.0, 0.0, 0.0, 0.0, 0.49999565, 0...
21 2023-08-30  [0.50000274, 0.0, 0.0, 0.0, 0.0, 0.4999973, 0....
22 2023-08-31  [0.5000017, 0.0, 0.0, 0.0, 0.0, 0.4999983, 0.0...",0
td3,3,-0.013364233364356104,-0.053834396632559796,-1.407983882251828,"         date  daily_return
0  2023-09-01      0.000000
1  2023-09-04      0.006160
2  2023-09-05     -0.002835
3  2023-09-06     -0.004805
4  2023-09-07     -0.009311
5  2023-09-08     -0.008125
6  2023-09-11     -0.004360
7  2023-09-12      0.010106
8  2023-09-13     -0.008062
9  2023-09-14     -0.002150
10 2023-09-15      0.004020
11 2023-09-18     -0.005980
12 2023-09-19     -0.010362
13 2023-09-20     -0.002657
14 2023-09-21     -0.010491
15 2023-09-22      0.009260
16 2023-09-25      0.000542
17 2023-09-26      0.003368
18 2023-09-27      0.004384
19 2023-09-28      0.007834
20 2023-09-29      0.010497","         date                                            actions
0  2023-09-01                        [0, 0, 0, 0, 0, 0, 0, 0, 0]
1  2023-09-04  [0.0, 0.0, 0.19997689, 0.19997689, 0.19997689,...
2  2023-09-05  [0.0, 0.0, 0.19944414, 0.19944414, 0.19944414,...
3  2023-09-06  [0.0, 0.0, 0.19903898, 0.19903898, 0.19903898,...
4  2023-09-07  [0.0, 0.0, 0.19890234, 0.19890234, 0.19890234,...
5  2023-09-08  [0.0, 0.0, 0.2001695, 0.2001695, 0.2001695, 0....
6  2023-09-11  [0.0, 0.0, 0.20472057, 0.20472057, 0.20472057,...
7  2023-09-12  [0.0, 0.0, 0.23551211, 0.23551211, 0.23551178,...
8  2023-09-13  [0.0, 0.0, 0.21337193, 0.21337193, 0.2133719, ...
9  2023-09-14  [0.0, 7.357835e-09, 0.24688797, 0.24688797, 0....
10 2023-09-15  [0.0, 1.5645706e-07, 0.2499918, 0.2499918, 0.2...
11 2023-09-18  [0.0, 1.11746296e-07, 0.24997222, 0.24997222, ...
12 2023-09-19  [0.0, 3.502758e-07, 0.25007033, 0.25007033, 0....
13 2023-09-20  [0.0, 2.1525859e-05, 0.2566766, 0.2566766, 0.2...
14 2023-09-21  [0.0, 0.00035319463, 0.3033414, 0.3033414, 0.0...
15 2023-09-22  [0.0, 0.046043746, 0.3172733, 0.3172733, 0.002...
16 2023-09-25  [0.0, 0.00090195594, 0.32053864, 0.32053864, 0...
17 2023-09-26  [0.0, 0.0056766253, 0.3304602, 0.3304602, 0.00...
18 2023-09-27  [0.0, 0.0010007852, 0.3280943, 0.3280943, 0.01...
19 2023-09-28  [0.0, 6.0827424e-05, 0.27633762, 0.27633762, 0...
20 2023-09-29  [0.0, 5.473203e-06, 0.25157565, 0.25157565, 0....",0
td3,4,0.03272884820650712,-0.01584839385701255,4.0477293077190915,"         date  daily_return
0  2023-10-02      0.000000
1  2023-10-03      0.003000
2  2023-10-04     -0.008289
3  2023-10-05      0.003702
4  2023-10-06      0.003123
5  2023-10-09      0.012870
6  2023-10-10     -0.004066
7  2023-10-11     -0.011831
8  2023-10-12      0.009939
9  2023-10-13      0.012117
10 2023-10-16      0.004415
11 2023-10-17      0.004050
12 2023-10-18      0.005927
13 2023-10-19      0.002637
14 2023-10-20     -0.001157
15 2023-10-23     -0.000355
16 2023-10-24     -0.000198
17 2023-10-25     -0.000327
18 2023-10-26     -0.002734
19 2023-10-27     -0.000746
20 2023-10-30      0.000395
21 2023-10-31      0.000109","         date                                            actions
0  2023-10-02                        [0, 0, 0, 0, 0, 0, 0, 0, 0]
1  2023-10-03  [0.039988134, 0.47887418, 0.0, 4.2814747e-08, ...
2  2023-10-04  [0.008122889, 0.492059, 0.0, 2.9329009e-08, 0....
3  2023-10-05  [0.0010174192, 0.47130418, 0.0, 1.404596e-08, ...
4  2023-10-06  [0.087096795, 0.45306477, 0.0, 2.970666e-07, 0...
5  2023-10-09  [0.12685184, 0.41541526, 0.0, 1.6104964e-07, 0...
6  2023-10-10  [0.008395972, 0.29310882, 0.0, 3.4954706e-08, ...
7  2023-10-11  [0.0013327377, 0.28379378, 0.0, 1.6915815e-08,...
8  2023-10-12  [0.33524516, 0.35472706, 0.0, 2.6190866e-05, 0...
9  2023-10-13  [0.2539161, 0.36414343, 0.0, 3.5139942e-06, 0....
10 2023-10-16  [0.4675756, 0.26970455, 0.0, 3.4082113e-05, 0....
11 2023-10-17  [0.00031672447, 0.25159127, 0.0, 1.4997134e-08...
12 2023-10-18  [0.002577975, 0.25871876, 0.0, 6.170892e-08, 0...
13 2023-10-19  [0.17428531, 0.27860796, 0.0, 3.9727865e-06, 0...
14 2023-10-20  [0.7543065, 0.01622543, 0.0, 0.0007665128, 0.0...
15 2023-10-23  [0.76761407, 9.791247e-06, 0.0, 0.22949047, 0....
16 2023-10-24  [0.5955233, 4.259515e-06, 0.0, 0.40434417, 0.0...
17 2023-10-25  [0.8868036, 0.002305258, 0.0, 0.11003455, 0.0,...
18 2023-10-26  [0.86658216, 0.1002982, 0.0, 0.0052811955, 0.0...
19 2023-10-27  [0.50492805, 0.002378025, 0.0, 0.4926917, 0.0,...
20 2023-10-30  [0.51181626, 0.0008967271, 0.0, 0.48728535, 0....
21 2023-10-31  [0.50147873, 0.00012035394, 0.0, 0.49840084, 0...",0
td3,5,-0.018196915502465827,-0.023853838803024253,-2.589070940417695,"         date  daily_return
0  2023-11-01      0.000000
1  2023-11-02     -0.005693
2  2023-11-03     -0.003109
3  2023-11-06      0.010685
4  2023-11-07     -0.002903
5  2023-11-08      0.003481
6  2023-11-09     -0.000555
7  2023-11-10      0.001316
8  2023-11-13      0.001944
9  2023-11-14     -0.010003
10 2023-11-15      0.002422
11 2023-11-16     -0.011075
12 2023-11-17      0.006644
13 2023-11-20      0.000162
14 2023-11-21      0.001916
15 2023-11-22      0.000219
16 2023-11-23     -0.004174
17 2023-11-24      0.000581
18 2023-11-27     -0.006123
19 2023-11-28      0.001168
20 2023-11-29     -0.005696
21 2023-11-30      0.000703","         date                                            actions
0  2023-11-01                        [0, 0, 0, 0, 0, 0, 0, 0, 0]
1  2023-11-02  [0.0, 0.16666667, 0.0, 0.16666667, 0.16666667,...
2  2023-11-03  [0.0, 0.16666667, 0.0, 0.16666667, 0.16666667,...
3  2023-11-06  [0.0, 0.16666667, 0.0, 0.16666667, 0.16666667,...
4  2023-11-07  [0.0, 0.16666667, 0.0, 0.16666667, 0.16666667,...
5  2023-11-08  [0.0, 0.16666667, 0.0, 0.16666667, 0.16666667,...
6  2023-11-09  [0.0, 0.16666667, 0.0, 0.16666667, 0.16666667,...
7  2023-11-10  [0.0, 0.16666667, 0.0, 0.16666667, 0.16666667,...
8  2023-11-13  [0.0, 0.16666667, 0.0, 0.16666667, 0.16666667,...
9  2023-11-14  [0.0, 0.16666667, 0.0, 0.16666667, 0.16666667,...
10 2023-11-15  [0.0, 0.16666667, 0.0, 0.16666667, 0.16666667,...
11 2023-11-16  [0.0, 0.16666667, 0.0, 0.16666667, 0.16666667,...
12 2023-11-17  [0.0, 0.16666667, 0.0, 0.16666667, 0.16666667,...
13 2023-11-20  [0.0, 0.16666667, 0.0, 0.16666667, 0.16666667,...
14 2023-11-21  [0.0, 0.16666667, 0.0, 0.16666667, 0.16666667,...
15 2023-11-22  [0.0, 0.16666667, 0.0, 0.16666667, 0.16666667,...
16 2023-11-23  [0.0, 0.16666667, 0.0, 0.16666667, 0.16666667,...
17 2023-11-24  [0.0, 0.16666667, 0.0, 0.16666667, 0.16666667,...
18 2023-11-27  [0.0, 0.16666667, 0.0, 0.16666667, 0.16666667,...
19 2023-11-28  [0.0, 0.16666667, 0.0, 0.16666667, 0.16666667,...
20 2023-11-29  [0.0, 0.16666667, 0.0, 0.16666667, 0.16666667,...
21 2023-11-30  [0.0, 0.16666667, 0.0, 0.16666667, 0.16666667,...",0
td3,6,0.0139222576260003,-0.03361342206087853,1.2997558319479625,"         date  daily_return
0  2023-12-01      0.000000
1  2023-12-04     -0.005357
2  2023-12-05      0.012570
3  2023-12-06     -0.014065
4  2023-12-07     -0.002462
5  2023-12-08      0.004637
6  2023-12-11     -0.013118
7  2023-12-12      0.001391
8  2023-12-13      0.004944
9  2023-12-14     -0.015189
10 2023-12-15      0.010806
11 2023-12-18      0.012890
12 2023-12-19      0.004573
13 2023-12-20      0.000479
14 2023-12-21     -0.005141
15 2023-12-22      0.006433
16 2023-12-25     -0.001488
17 2023-12-26      0.014733
18 2023-12-27     -0.002981
19 2023-12-28      0.000371
20 2023-12-29      0.000522","         date                                            actions
0  2023-12-01                        [0, 0, 0, 0, 0, 0, 0, 0, 0]
1  2023-12-04  [0.14285718, 0.14285718, 0.14285718, 0.0, 0.14...
2  2023-12-05  [0.1428572, 0.1428572, 0.1428572, 0.0, 0.14285...
3  2023-12-06  [0.14285716, 0.14285716, 0.14285716, 0.0, 0.14...
4  2023-12-07  [0.14285718, 0.14285718, 0.14285718, 0.0, 0.14...
5  2023-12-08  [0.14285716, 0.14285716, 0.14285716, 0.0, 0.14...
6  2023-12-11  [0.14285716, 0.14285716, 0.14285716, 0.0, 0.14...
7  2023-12-12  [0.14285718, 0.14285718, 0.14285718, 0.0, 0.14...
8  2023-12-13  [0.14285718, 0.14285718, 0.14285718, 0.0, 0.14...
9  2023-12-14  [0.14285718, 0.14285718, 0.14285718, 0.0, 0.14...
10 2023-12-15  [0.14285718, 0.14285718, 0.14285718, 0.0, 0.14...
11 2023-12-18  [0.14285716, 0.14285716, 0.14285716, 0.0, 0.14...
12 2023-12-19  [0.14285715, 0.14285715, 0.14285715, 0.0, 0.14...
13 2023-12-20  [0.14285715, 0.14285715, 0.14285715, 0.0, 0.14...
14 2023-12-21  [0.14285715, 0.14285715, 0.14285715, 0.0, 0.14...
15 2023-12-22  [0.14285715, 0.14285715, 0.14285715, 0.0, 0.14...
16 2023-12-25  [0.14285715, 0.14285715, 0.14285715, 0.0, 0.14...
17 2023-12-26  [0.14285715, 0.14285715, 0.14285715, 0.0, 0.14...
18 2023-12-27  [0.14285715, 0.14285715, 0.14285715, 0.0, 0.14...
19 2023-12-28  [0.14285715, 0.14285715, 0.14285715, 0.0, 0.14...
20 2023-12-29  [0.14285715, 0.14285715, 0.14285715, 0.0, 0.14...",0
td3,7,0.005074163513999919,-0.005140228149095767,2.240755218416704,"         date  daily_return
0  2024-01-03      0.000000
1  2024-01-04     -0.001543
2  2024-01-05     -0.000226
3  2024-01-08      0.004671
4  2024-01-09     -0.000848
5  2024-01-10     -0.000947
6  2024-01-11      0.001578
7  2024-01-12      0.000213
8  2024-01-15      0.000145
9  2024-01-16      0.000047
10 2024-01-17      0.002604
11 2024-01-18     -0.001249
12 2024-01-19     -0.003172
13 2024-01-22      0.000594
14 2024-01-23      0.001340
15 2024-01-24     -0.000999
16 2024-01-25     -0.001498
17 2024-01-26     -0.000160
18 2024-01-29      0.001975
19 2024-01-30      0.001916
20 2024-01-31      0.000653","         date                                            actions
0  2024-01-03                        [0, 0, 0, 0, 0, 0, 0, 0, 0]
1  2024-01-04  [0.46741936, 0.0002445583, 1.8109237e-07, 0.0,...
2  2024-01-05  [0.34686482, 6.9260426e-07, 1.2280804e-05, 0.0...
3  2024-01-08  [0.35311773, 8.2085086e-07, 1.0439539e-05, 0.0...
4  2024-01-09  [0.45021, 1.1820644e-05, 1.0586253e-05, 0.0, 0...
5  2024-01-10  [0.47988838, 2.4084211e-05, 1.8578023e-05, 0.0...
6  2024-01-11  [0.49675593, 0.00031384017, 1.1251405e-05, 0.0...
7  2024-01-12  [0.49528322, 3.8052804e-05, 5.048122e-05, 0.0,...
8  2024-01-15  [0.49899885, 3.2032833e-05, 4.8316935e-05, 0.0...
9  2024-01-16  [0.49896592, 5.0410463e-06, 0.00015169237, 0.0...
10 2024-01-17  [0.4959952, 4.4345427e-08, 0.0008212625, 0.0, ...
11 2024-01-18  [0.4916712, 1.0257061e-07, 0.00033152287, 0.0,...
12 2024-01-19  [0.4366387, 0.0, 0.0018391969, 0.0, 0.12488337...
13 2024-01-22  [0.40115833, 0.0, 0.0061833826, 0.0, 0.1915000...
14 2024-01-23  [0.3919398, 0.0, 0.008864366, 0.0, 0.20725605,...
15 2024-01-24  [0.40422094, 0.0, 0.0025524597, 0.0, 0.1890056...
16 2024-01-25  [0.46838617, 0.0, 0.002286623, 0.0, 0.06094101...
17 2024-01-26  [0.48504865, 0.0, 0.0010110808, 0.0, 0.0288915...
18 2024-01-29  [0.4840489, 0.0, 0.0010398536, 0.0, 0.03086247...
19 2024-01-30  [0.46980706, 0.0, 0.001680371, 0.0, 0.05870551...
20 2024-01-31  [0.44680098, 0.0, 0.0012563902, 0.0, 0.1051416...",0
td3,8,-0.015104066540438388,-0.03016980829433364,-3.1549402885003657,"         date  daily_return
0  2024-02-01      0.000000
1  2024-02-02      0.001395
2  2024-02-05      0.001531
3  2024-02-06     -0.002098
4  2024-02-07     -0.003107
5  2024-02-08     -0.007300
6  2024-02-09      0.001754
7  2024-02-12     -0.002619
8  2024-02-13      0.002349
9  2024-02-14     -0.002750
10 2024-02-15     -0.001163
11 2024-02-16     -0.003840
12 2024-02-19     -0.000823
13 2024-02-20     -0.006504
14 2024-02-21     -0.004449
15 2024-02-22      0.002575
16 2024-02-26      0.006284
17 2024-02-27     -0.002222
18 2024-02-28     -0.001665
19 2024-02-29      0.007574","         date                                            actions
0  2024-02-01                        [0, 0, 0, 0, 0, 0, 0, 0, 0]
1  2024-02-02  [0.24999225, 0.0, 0.24999225, 0.24999225, 0.0,...
2  2024-02-05  [0.24997303, 0.0, 0.24997303, 0.24997303, 0.0,...
3  2024-02-06  [0.24955034, 0.0, 0.24955034, 0.24955034, 0.0,...
4  2024-02-07  [0.24968217, 0.0, 0.24968217, 0.24968217, 0.0,...
5  2024-02-08  [0.21094781, 0.0, 0.21094781, 0.21094781, 0.0,...
6  2024-02-09  [0.24892904, 0.0, 0.24892904, 0.24892904, 0.0,...
7  2024-02-12  [0.24810803, 0.0, 0.24810803, 0.24810803, 0.0,...
8  2024-02-13  [0.2395, 0.0, 0.2395, 0.2395, 0.0, 0.04200001,...
9  2024-02-14  [0.2328518, 0.0, 0.2328518, 0.2328518, 0.0, 0....
10 2024-02-15  [0.22631966, 0.0, 0.22631966, 0.22631966, 0.0,...
11 2024-02-16  [0.21857709, 0.0, 0.21857709, 0.21857709, 0.0,...
12 2024-02-19  [0.23910269, 0.0, 0.23910269, 0.23910269, 0.0,...
13 2024-02-20  [0.24083678, 0.0, 0.24083678, 0.24083678, 0.0,...
14 2024-02-21  [0.24999428, 0.0, 0.24999428, 0.24999428, 0.0,...
15 2024-02-22  [0.24999943, 0.0, 0.24999943, 0.24999943, 0.0,...
16 2024-02-26  [0.2499854, 0.0, 0.2499854, 0.2499854, 0.0, 5....
17 2024-02-27  [0.24820764, 0.0, 0.24820764, 0.24820764, 0.0,...
18 2024-02-28  [0.2454393, 0.0, 0.2454393, 0.2454393, 0.0, 0....
19 2024-02-29  [0.24531281, 0.0, 0.24531281, 0.24531281, 0.0,...",0
